-- Adminer 4.8.1 MySQL 5.5.5-10.11.8-MariaDB-log dump

SET NAMES utf8;
SET time_zone = '+00:00';
SET foreign_key_checks = 0;
SET sql_mode = 'NO_AUTO_VALUE_ON_ZERO';

SET NAMES utf8mb4;

CREATE DATABASE `leistungs_db` /*!40100 DEFAULT CHARACTER SET utf8mb4 COLLATE utf8mb4_bin */;
USE `leistungs_db`;

DROP VIEW IF EXISTS `events`;
CREATE TABLE `events` (`start` datetime /* mariadb-5.3 */, `end` datetime /* mariadb-5.3 */, `type` smallint(6), `closed` bit(1), `location` int(11));


DROP TABLE IF EXISTS `leistungstag`;
CREATE TABLE `leistungstag` (
  `key` int(11) NOT NULL AUTO_INCREMENT,
  `location` int(11) NOT NULL,
  `date` date NOT NULL,
  `poll_id` bigint(20) NOT NULL,
  `venue_id` bigint(20) NOT NULL,
  `type` smallint(6) NOT NULL,
  `closed` bit(1) NOT NULL DEFAULT b'0',
  PRIMARY KEY (`key`),
  KEY `leistungstag_fk0` (`location`),
  CONSTRAINT `leistungstag_fk0` FOREIGN KEY (`location`) REFERENCES `locations` (`key`)
) ENGINE=InnoDB DEFAULT CHARSET=utf8mb3 COLLATE=utf8mb3_general_ci;

INSERT INTO `leistungstag` (`key`, `location`, `date`, `poll_id`, `venue_id`, `type`, `closed`) VALUES
(1,	5,	'2022-01-25',	0,	0,	1,	CONV('1', 2, 10) + 0),
(3,	6,	'2022-02-01',	0,	0,	1,	CONV('1', 2, 10) + 0),
(5,	7,	'2022-02-08',	0,	0,	1,	CONV('1', 2, 10) + 0),
(6,	8,	'2022-02-15',	0,	0,	1,	CONV('1', 2, 10) + 0),
(7,	10,	'2022-02-22',	0,	0,	1,	CONV('1', 2, 10) + 0),
(8,	11,	'2022-03-01',	0,	0,	1,	CONV('1', 2, 10) + 0),
(9,	12,	'2022-03-08',	0,	0,	1,	CONV('1', 2, 10) + 0),
(10,	13,	'2022-03-15',	0,	0,	1,	CONV('1', 2, 10) + 0),
(11,	14,	'2022-03-22',	0,	0,	1,	CONV('1', 2, 10) + 0),
(12,	15,	'2022-03-29',	0,	0,	1,	CONV('1', 2, 10) + 0),
(13,	16,	'2022-04-05',	0,	0,	1,	CONV('1', 2, 10) + 0),
(14,	17,	'2022-04-12',	0,	0,	1,	CONV('1', 2, 10) + 0),
(15,	18,	'2022-04-19',	0,	0,	1,	CONV('1', 2, 10) + 0),
(16,	19,	'2022-04-26',	0,	0,	1,	CONV('1', 2, 10) + 0),
(17,	20,	'2022-05-03',	0,	0,	1,	CONV('1', 2, 10) + 0),
(18,	21,	'2022-05-10',	0,	0,	1,	CONV('1', 2, 10) + 0),
(19,	22,	'2022-05-17',	0,	0,	1,	CONV('1', 2, 10) + 0),
(20,	23,	'2022-05-24',	0,	0,	1,	CONV('1', 2, 10) + 0),
(21,	24,	'2022-05-31',	0,	0,	1,	CONV('1', 2, 10) + 0),
(22,	26,	'2022-06-07',	0,	0,	1,	CONV('1', 2, 10) + 0),
(23,	27,	'2022-06-14',	0,	0,	1,	CONV('1', 2, 10) + 0),
(24,	28,	'2022-06-21',	0,	0,	1,	CONV('1', 2, 10) + 0),
(25,	30,	'2022-06-28',	0,	0,	1,	CONV('1', 2, 10) + 0),
(26,	31,	'2022-07-05',	0,	0,	1,	CONV('1', 2, 10) + 0),
(27,	32,	'2022-07-12',	0,	0,	1,	CONV('1', 2, 10) + 0),
(28,	33,	'2022-07-19',	0,	0,	1,	CONV('1', 2, 10) + 0),
(29,	34,	'2022-07-26',	0,	0,	1,	CONV('1', 2, 10) + 0),
(30,	36,	'2022-08-02',	0,	0,	1,	CONV('1', 2, 10) + 0),
(31,	37,	'2022-08-09',	0,	0,	1,	CONV('1', 2, 10) + 0),
(32,	38,	'2022-08-16',	0,	0,	1,	CONV('1', 2, 10) + 0),
(33,	39,	'2022-08-23',	0,	0,	1,	CONV('1', 2, 10) + 0),
(34,	40,	'2022-08-30',	0,	0,	1,	CONV('1', 2, 10) + 0),
(35,	41,	'2022-09-06',	0,	0,	1,	CONV('1', 2, 10) + 0),
(36,	42,	'2022-09-13',	0,	0,	1,	CONV('1', 2, 10) + 0),
(37,	43,	'2022-09-20',	0,	0,	1,	CONV('1', 2, 10) + 0),
(38,	44,	'2022-09-27',	0,	0,	1,	CONV('1', 2, 10) + 0),
(39,	45,	'2022-10-04',	0,	0,	1,	CONV('1', 2, 10) + 0),
(40,	46,	'2022-10-11',	0,	0,	1,	CONV('1', 2, 10) + 0),
(44,	9,	'2022-02-16',	0,	0,	3,	CONV('1', 2, 10) + 0),
(45,	25,	'2022-06-06',	0,	0,	3,	CONV('1', 2, 10) + 0),
(46,	49,	'2022-10-11',	0,	0,	2,	CONV('1', 2, 10) + 0),
(47,	50,	'2022-10-04',	0,	0,	2,	CONV('1', 2, 10) + 0),
(49,	53,	'2022-10-25',	732,	731,	1,	CONV('1', 2, 10) + 0),
(50,	56,	'2022-11-01',	746,	745,	1,	CONV('1', 2, 10) + 0),
(51,	59,	'2022-11-08',	753,	752,	1,	CONV('1', 2, 10) + 0),
(52,	61,	'2022-11-15',	771,	770,	1,	CONV('1', 2, 10) + 0),
(54,	65,	'2022-11-22',	796,	795,	1,	CONV('1', 2, 10) + 0),
(55,	29,	'2022-06-24',	0,	0,	3,	CONV('1', 2, 10) + 0),
(56,	47,	'2022-10-18',	0,	0,	1,	CONV('1', 2, 10) + 0),
(57,	87,	'2022-11-29',	830,	829,	1,	CONV('1', 2, 10) + 0),
(58,	90,	'2022-12-06',	847,	846,	1,	CONV('1', 2, 10) + 0),
(59,	91,	'2022-12-13',	862,	861,	1,	CONV('1', 2, 10) + 0),
(60,	271,	'2022-12-20',	878,	877,	1,	CONV('1', 2, 10) + 0),
(61,	100,	'2022-12-27',	899,	898,	1,	CONV('1', 2, 10) + 0),
(62,	98,	'2023-01-03',	912,	911,	1,	CONV('1', 2, 10) + 0),
(63,	103,	'2023-01-10',	936,	935,	1,	CONV('1', 2, 10) + 0),
(64,	13,	'2023-01-17',	968,	967,	1,	CONV('1', 2, 10) + 0),
(65,	101,	'2023-01-24',	970,	969,	1,	CONV('1', 2, 10) + 0),
(66,	113,	'2023-01-31',	980,	979,	1,	CONV('1', 2, 10) + 0),
(67,	114,	'2023-02-07',	988,	987,	1,	CONV('1', 2, 10) + 0),
(68,	85,	'2023-02-14',	1005,	1004,	1,	CONV('1', 2, 10) + 0),
(69,	125,	'2023-02-21',	1012,	1011,	1,	CONV('1', 2, 10) + 0),
(70,	97,	'2023-02-28',	1039,	1038,	1,	CONV('1', 2, 10) + 0),
(71,	127,	'2023-03-07',	1056,	1055,	1,	CONV('1', 2, 10) + 0),
(72,	132,	'2023-03-14',	1070,	1069,	1,	CONV('1', 2, 10) + 0),
(73,	84,	'2023-03-21',	1099,	1098,	1,	CONV('1', 2, 10) + 0),
(74,	133,	'2023-03-28',	1109,	1108,	1,	CONV('1', 2, 10) + 0),
(75,	104,	'2023-04-04',	1122,	1121,	1,	CONV('1', 2, 10) + 0),
(76,	119,	'2023-04-11',	1131,	1130,	1,	CONV('1', 2, 10) + 0),
(77,	73,	'2023-04-18',	1142,	1141,	1,	CONV('1', 2, 10) + 0),
(78,	135,	'2023-04-18',	1150,	1149,	2,	CONV('1', 2, 10) + 0),
(79,	137,	'2023-04-25',	1154,	1153,	1,	CONV('1', 2, 10) + 0),
(80,	139,	'2023-05-02',	1178,	1177,	1,	CONV('1', 2, 10) + 0),
(82,	143,	'2023-05-09',	1217,	1216,	1,	CONV('1', 2, 10) + 0),
(83,	146,	'2023-05-16',	1222,	1221,	1,	CONV('1', 2, 10) + 0),
(84,	147,	'2023-05-23',	1232,	1231,	1,	CONV('1', 2, 10) + 0),
(85,	149,	'2023-06-13',	1293,	1292,	1,	CONV('1', 2, 10) + 0),
(86,	159,	'2023-07-01',	1296,	1295,	3,	CONV('1', 2, 10) + 0),
(87,	162,	'2023-05-30',	1232,	1231,	1,	CONV('1', 2, 10) + 0),
(88,	3,	'2023-06-06',	1232,	1231,	1,	CONV('1', 2, 10) + 0),
(89,	168,	'2023-06-20',	1309,	1308,	1,	CONV('1', 2, 10) + 0),
(90,	174,	'2023-06-27',	1329,	1328,	1,	CONV('1', 2, 10) + 0),
(91,	186,	'2023-07-04',	1338,	1337,	1,	CONV('1', 2, 10) + 0),
(92,	187,	'2023-07-11',	1378,	1377,	1,	CONV('1', 2, 10) + 0),
(93,	191,	'2023-05-29',	0,	0,	3,	CONV('1', 2, 10) + 0),
(94,	192,	'2023-07-07',	0,	0,	3,	CONV('1', 2, 10) + 0),
(97,	151,	'2023-07-18',	1436,	1435,	1,	CONV('1', 2, 10) + 0),
(98,	201,	'2023-07-25',	1464,	1463,	1,	CONV('1', 2, 10) + 0),
(99,	204,	'2023-08-01',	1472,	1471,	1,	CONV('1', 2, 10) + 0),
(100,	210,	'2023-08-08',	1492,	1491,	1,	CONV('1', 2, 10) + 0),
(101,	190,	'2023-08-15',	1531,	1530,	1,	CONV('1', 2, 10) + 0),
(102,	214,	'2023-08-22',	1553,	1552,	1,	CONV('1', 2, 10) + 0),
(103,	269,	'2023-08-29',	1564,	1563,	1,	CONV('1', 2, 10) + 0),
(104,	108,	'2023-09-05',	1577,	1576,	1,	CONV('1', 2, 10) + 0),
(105,	224,	'2023-09-12',	1591,	1590,	1,	CONV('1', 2, 10) + 0),
(106,	148,	'2023-09-19',	1608,	1607,	1,	CONV('1', 2, 10) + 0),
(107,	114,	'2023-09-26',	1611,	1610,	1,	CONV('1', 2, 10) + 0),
(108,	89,	'2023-10-03',	1629,	1628,	1,	CONV('1', 2, 10) + 0),
(109,	228,	'2023-10-10',	1642,	1641,	1,	CONV('1', 2, 10) + 0),
(110,	215,	'2023-10-17',	1651,	1650,	1,	CONV('1', 2, 10) + 0),
(112,	231,	'2023-10-25',	1667,	1666,	3,	CONV('1', 2, 10) + 0),
(113,	232,	'2023-10-24',	1674,	1673,	1,	CONV('1', 2, 10) + 0),
(114,	233,	'2023-10-31',	1681,	1680,	1,	CONV('1', 2, 10) + 0),
(115,	234,	'2023-11-07',	1693,	1692,	1,	CONV('1', 2, 10) + 0),
(116,	239,	'2023-11-14',	1701,	1700,	1,	CONV('1', 2, 10) + 0),
(117,	140,	'2023-11-21',	1715,	1714,	1,	CONV('1', 2, 10) + 0),
(118,	221,	'2023-11-28',	1730,	1729,	1,	CONV('1', 2, 10) + 0),
(120,	245,	'2023-12-05',	1748,	1747,	1,	CONV('1', 2, 10) + 0),
(121,	247,	'2023-12-12',	1759,	1758,	1,	CONV('1', 2, 10) + 0),
(123,	255,	'2023-12-19',	1777,	1776,	3,	CONV('1', 2, 10) + 0),
(124,	256,	'2023-12-26',	1786,	1785,	1,	CONV('1', 2, 10) + 0),
(126,	257,	'2024-01-02',	1802,	1801,	1,	CONV('1', 2, 10) + 0),
(127,	261,	'2024-01-20',	1822,	1821,	3,	CONV('1', 2, 10) + 0),
(128,	262,	'2024-01-09',	1828,	1827,	1,	CONV('1', 2, 10) + 0),
(129,	243,	'2024-01-16',	1874,	1873,	1,	CONV('1', 2, 10) + 0),
(130,	268,	'2024-01-23',	1884,	1883,	1,	CONV('1', 2, 10) + 0),
(131,	258,	'2024-01-30',	1904,	1903,	1,	CONV('1', 2, 10) + 0),
(132,	273,	'2024-02-06',	1922,	1921,	1,	CONV('1', 2, 10) + 0),
(133,	274,	'2024-02-13',	1943,	1942,	1,	CONV('1', 2, 10) + 0),
(134,	275,	'2024-02-20',	1950,	1949,	1,	CONV('1', 2, 10) + 0),
(135,	277,	'2024-02-27',	1958,	1957,	1,	CONV('1', 2, 10) + 0),
(136,	250,	'2024-03-05',	1968,	1967,	1,	CONV('1', 2, 10) + 0),
(137,	281,	'2024-03-12',	1978,	1977,	1,	CONV('1', 2, 10) + 0),
(138,	283,	'2024-03-19',	1988,	1987,	1,	CONV('1', 2, 10) + 0),
(139,	285,	'2024-03-26',	2003,	2002,	1,	CONV('1', 2, 10) + 0),
(140,	69,	'2024-04-02',	2019,	2018,	1,	CONV('1', 2, 10) + 0),
(141,	110,	'2024-04-09',	2031,	2030,	1,	CONV('1', 2, 10) + 0),
(142,	71,	'2024-04-16',	2043,	2042,	1,	CONV('1', 2, 10) + 0),
(143,	294,	'2024-04-23',	2053,	2052,	1,	CONV('1', 2, 10) + 0),
(144,	295,	'2024-04-30',	2060,	2059,	1,	CONV('1', 2, 10) + 0),
(145,	236,	'2024-05-07',	2068,	2067,	1,	CONV('1', 2, 10) + 0),
(146,	235,	'2024-05-14',	2079,	2078,	1,	CONV('1', 2, 10) + 0),
(147,	219,	'2024-05-21',	2088,	2087,	1,	CONV('1', 2, 10) + 0),
(148,	297,	'2024-06-15',	2095,	2094,	3,	CONV('1', 2, 10) + 0),
(149,	301,	'2024-05-28',	2108,	2107,	1,	CONV('1', 2, 10) + 0),
(150,	302,	'2024-06-04',	2127,	2126,	1,	CONV('1', 2, 10) + 0),
(151,	304,	'2024-06-11',	2138,	2137,	1,	CONV('1', 2, 10) + 0),
(152,	306,	'2024-06-18',	2146,	2145,	1,	CONV('1', 2, 10) + 0),
(153,	307,	'2024-06-25',	2159,	2158,	1,	CONV('1', 2, 10) + 0),
(154,	310,	'2024-06-22',	2162,	2161,	3,	CONV('1', 2, 10) + 0),
(155,	311,	'2024-07-02',	2190,	2189,	1,	CONV('1', 2, 10) + 0),
(156,	312,	'2024-07-09',	2200,	2199,	1,	CONV('1', 2, 10) + 0),
(157,	313,	'2024-07-09',	2210,	2209,	2,	CONV('1', 2, 10) + 0),
(158,	314,	'2024-07-16',	2231,	2230,	1,	CONV('1', 2, 10) + 0),
(159,	315,	'2024-07-23',	2240,	2239,	1,	CONV('1', 2, 10) + 0),
(160,	316,	'2024-07-30',	2249,	2248,	1,	CONV('1', 2, 10) + 0),
(161,	296,	'2024-08-06',	2254,	2253,	1,	CONV('1', 2, 10) + 0),
(162,	251,	'2024-08-13',	2267,	2266,	1,	CONV('1', 2, 10) + 0),
(163,	319,	'2024-08-20',	2273,	2272,	1,	CONV('1', 2, 10) + 0),
(164,	320,	'2024-08-27',	2290,	2289,	1,	CONV('1', 2, 10) + 0),
(165,	322,	'2024-09-03',	2298,	2297,	1,	CONV('1', 2, 10) + 0),
(167,	324,	'2024-09-10',	2320,	2319,	1,	CONV('0', 2, 10) + 0);

DROP TABLE IF EXISTS `locations`;
CREATE TABLE `locations` (
  `key` int(11) NOT NULL AUTO_INCREMENT,
  `name` varchar(255) NOT NULL,
  `google-place-id` text NOT NULL,
  `visited` bit(1) NOT NULL DEFAULT b'0',
  `address` text NOT NULL,
  `phone` varchar(255) DEFAULT NULL,
  `url` varchar(255) NOT NULL,
  `lng` double(9,6) NOT NULL,
  `lat` double(9,6) NOT NULL,
  PRIMARY KEY (`key`),
  UNIQUE KEY `name` (`name`)
) ENGINE=InnoDB DEFAULT CHARSET=utf8mb3 COLLATE=utf8mb3_general_ci;

INSERT INTO `locations` (`key`, `name`, `google-place-id`, `visited`, `address`, `phone`, `url`, `lng`, `lat`) VALUES
(2,	'Cafe Phönixhof',	'ChIJ5UvV55IHbUcRMq6el31MzZI',	CONV('0', 2, 10) + 0,	'Neustiftgasse 55, 1070 Wien, Österreich',	'+43 699 17331072',	'https://g.page/Phoenixhof?share',	16.349794,	48.205268),
(3,	'Hofkneipe',	'ChIJ-V7XVyaYc0cRvWHfZO7pBSk',	CONV('1', 2, 10) + 0,	'Ludlgasse 16, 4020 Linz, Österreich',	'+43 732 771188',	'https://maps.google.com/?cid=2956025940542448061',	14.300611,	48.312142),
(4,	'Golden Pub',	'ChIJgxV7OdWZc0cRLnHvxuahDv8',	CONV('0', 2, 10) + 0,	'Jahnstraße 9, 4040 Linz, Österreich',	'+43 732 732097',	'https://maps.google.com/?cid=18378805141897703726',	14.282590,	48.312924),
(5,	'Chelsea Pub',	'ChIJPUxAF4SXc0cRroF8A6rKvgg',	CONV('1', 2, 10) + 0,	'Domgasse 5, 4020 Linz, Österreich',	'+43 732 779409',	'https://maps.google.com/?cid=630163829430190510',	14.288023,	48.304780),
(6,	'stadtliebe',	'ChIJk1NadIWXc0cRKiCtqbbQBTg',	CONV('1', 2, 10) + 0,	'Landstraße 31, 4020 Linz, Österreich',	'+43 732 770605',	'https://maps.google.com/?cid=4036862123956838442',	14.290209,	48.302237),
(7,	'Gösserkeller',	'ChIJU91lHYSXc0cRx27qE7Y3ORs',	CONV('1', 2, 10) + 0,	'Pfarrgasse 8, 4020 Linz, Österreich',	'+43 699 10891110',	'https://maps.google.com/?cid=1961660367854268103',	14.287853,	48.305611),
(8,	'Cafe Strom',	'ChIJGT-7boCXc0cRQjXbCI4gYFA',	CONV('1', 2, 10) + 0,	'Kirchengasse 4, 4040 Linz, Österreich',	'+43 732 731209205',	'https://maps.google.com/?cid=5791664915204486466',	14.284583,	48.310119),
(9,	'Gemeinde Hinterstoder',	'ChIJH-DHUJtmcUcRsFvv2z4X8j4',	CONV('1', 2, 10) + 0,	'Gemeinde Hinterstoder, Hinterstoder, Österreich',	NULL,	'https://maps.google.com/?q=Gemeinde+Hinterstoder,+Hinterstoder,+%C3%96sterreich&ftid=0x4771669b50c7e01f:0x3ef2173edbef5bb0',	14.156330,	47.699980),
(10,	'Jack the Ripperl',	'ChIJg4_kToSXc0cRD8jsvm6MdMc',	CONV('1', 2, 10) + 0,	'Landstraße 11, 4020 Linz, Österreich',	'+43 732 239899',	'https://maps.google.com/?cid=14372266718123575311',	14.288770,	48.303822),
(11,	'DAO',	'ChIJ6Un2FoOXc0cRr_nKbeIWkmY',	CONV('1', 2, 10) + 0,	'Klammstraße 20a, 4020 Linz, Österreich',	'+43 676 3794900',	'https://maps.google.com/?cid=7390995100228843951',	14.283000,	48.302738),
(12,	'Leberkas-Pepi Linz Hauptbahnhof',	'ChIJ942_IpaXc0cRBGtWeBAUa0E',	CONV('1', 2, 10) + 0,	'Bahnhofpl. 3-6, 4020 Linz, Österreich',	'+43 650 2435739',	'https://maps.google.com/?cid=4713883495944317700',	14.291190,	48.290533),
(13,	'Alte Welt',	'ChIJSyTkT4GXc0cRZgYZvTlyitE',	CONV('1', 2, 10) + 0,	'Hauptpl. 4, 4020 Linz, Österreich',	'+43 732 770053',	'https://maps.google.com/?cid=15099006293024245350',	14.286654,	48.306482),
(14,	'Glorious Bastards Linz',	'ChIJ_TFte4OXc0cRH_7XjWM08Rs',	CONV('1', 2, 10) + 0,	'Promenade 25, 4020 Linz, Österreich',	'+43 732 299800',	'https://maps.google.com/?cid=2013448110597471775',	14.285155,	48.302864),
(15,	'Barok Belgie',	'ChIJF5KL2IOXc0cR2yVRfvsh2GI',	CONV('1', 2, 10) + 0,	'Hofgasse 14, 4020 Linz, Österreich',	'+43 732 273878',	'https://maps.google.com/?cid=7122480174726194651',	14.284799,	48.305859),
(16,	'Die Donauwirtinnen',	'ChIJYS7oE3-Xc0cRwnhcbqap5Jk',	CONV('1', 2, 10) + 0,	'Webergasse 2, 4040 Linz, Österreich',	'+43 732 737706',	'https://maps.google.com/?cid=11089174714774223042',	14.279226,	48.308352),
(17,	'Die Wirtsleut im Leopoldistüberl',	'ChIJDW19za2Xc0cRLGpfHNDZ-nw',	CONV('1', 2, 10) + 0,	'Adlergasse 6, 4020 Linz, Österreich',	'+43 732 777242',	'https://maps.google.com/?cid=9005749892733168172',	14.287179,	48.306619),
(18,	'Zur Liesl',	'ChIJidVHJkSZc0cRVHiS2hQNWPQ',	CONV('1', 2, 10) + 0,	'Peter-Behrens-Platz 1, 4020 Linz, Österreich',	'+43 664 800221180',	'https://maps.google.com/?cid=17606837126422493268',	14.298564,	48.311904),
(19,	'The Old Dubliner',	'ChIJc3Rl_IOXc0cRP72ceq9mp7o',	CONV('1', 2, 10) + 0,	'Hauptpl. 15-16, 4020 Linz, Österreich',	'+43 732 917050',	'https://maps.google.com/?cid=13449831716027678015',	14.285816,	48.305557),
(20,	'Urfahrmarkt',	'ChIJv0PpSCqYc0cRJ9yoZPWTLG8',	CONV('1', 2, 10) + 0,	'Urfahrmarkt, 4040 Linz, Österreich',	NULL,	'https://maps.google.com/?q=Urfahrmarkt,+4040+Linz,+%C3%96sterreich&ftid=0x4773982a48e943bf:0x6f2c93f564a8dc27',	14.288896,	48.312662),
(21,	'Biergartl an der Donau in Linz Urfahr',	'ChIJnY7c1YGXc0cRJlOIPruBfTk',	CONV('1', 2, 10) + 0,	'Fischergasse 17, 4040 Linz, Österreich',	'+43 664 6417619',	'https://maps.google.com/?cid=4142609873458713382',	14.281751,	48.308582),
(22,	'Gallanderstüberl',	'ChIJ0zZYvSSYc0cRgUtiu0lXUEk',	CONV('1', 2, 10) + 0,	'Gallanderstraße 3, 4020 Linz, Österreich',	'+43 732 205017',	'https://maps.google.com/?cid=5282818337093602177',	14.305951,	48.317276),
(23,	'Schlossbrauerei Weinberg Erste oö. Gasthausbrauerei',	'ChIJhyzSWuQJc0cRiWMkDpZiH7Q',	CONV('1', 2, 10) + 0,	'Weinberg 2, 4292 Kefermarkt, Österreich',	'+43 7947 7111',	'https://maps.google.com/?cid=12979201047726941065',	14.539495,	48.448537),
(24,	'Salonschiff Fräulein Florentine',	'ChIJdx7wEiqYc0cRAK0G0kAluWc',	CONV('1', 2, 10) + 0,	'4040 Linz, Österreich',	NULL,	'https://maps.google.com/?cid=7474046016929836288',	14.288256,	48.311423),
(25,	'Michaeli Bräu',	'ChIJu84Bp2qXc0cRNjBhPLkTlRY',	CONV('1', 2, 10) + 0,	'Lugwiesstraße 40, 4060 Leonding, Österreich',	NULL,	'https://maps.google.com/?cid=1627228526667182134',	14.247520,	48.296301),
(26,	'PAULS steak & veggi Linz',	'ChIJ_fshKZuXc0cRY-O-6j-7rL0',	CONV('1', 2, 10) + 0,	'Domplatz 3, 4020 Linz, Österreich',	'+43 732 783338',	'https://maps.google.com/?cid=13667504852358325091',	14.287225,	48.300272),
(27,	'Gasthaus Zum Schiefen Apfelbaum',	'ChIJR9Z8QriXc0cR15JfIYm0Jqg',	CONV('1', 2, 10) + 0,	'Hanuschstraße 26, 4020 Linz, Österreich',	'+43 732 660380',	'https://maps.google.com/?cid=12116570348550329047',	14.293566,	48.281294),
(28,	'Sputnik Rockcafe',	'ChIJZ4CaH4eXc0cRd9PffZY_0z8',	CONV('1', 2, 10) + 0,	'Untere Donaulände 16, 4020 Linz, Österreich',	'+43 660 1611209',	'https://maps.google.com/?cid=4599089560064873335',	14.289862,	48.308034),
(29,	'Wochenmarkt',	'ChIJmxLTWuqbc0cRU83uUpXkRck',	CONV('1', 2, 10) + 0,	'Marktpl. 5-2, 4100 Ottensheim, Österreich',	NULL,	'https://maps.google.com/?cid=14503249505009192275',	14.176252,	48.331522),
(30,	'Rox Musicbar & Grill Linz | Burger & American Kitchen',	'ChIJ_QZUKoSXc0cRNp4YiXzzdzQ',	CONV('1', 2, 10) + 0,	'Graben 18, 4020 Linz, Österreich',	'+43 732 210318',	'https://maps.google.com/?cid=3780758128402406966',	14.289844,	48.305200),
(31,	'HEMINGWAY\'S COCKTAIL&MUSIC BAR',	'ChIJjS3MH4SXc0cRvUvyHkzUrF4',	CONV('1', 2, 10) + 0,	'Domgasse 8, 4020 Linz, Österreich',	'+43 650 6101820',	'https://maps.google.com/?cid=6822060958961257405',	14.288337,	48.305454),
(32,	'SanTelmo',	'ChIJbxTMHtGnc0cRqwz9jsq3hJ0',	CONV('1', 2, 10) + 0,	'Softwarepark 30, 4232 Hagenberg im Mühlkreis, Österreich',	'+43 664 99901558',	'https://maps.google.com/?cid=11350399041490717867',	14.514741,	48.370271),
(33,	'SANDBURG',	'ChIJb-cJ1ymYc0cR1ydGPsATqlc',	CONV('1', 2, 10) + 0,	'Untere Donaulände 5, 4020 Linz, Österreich',	'+43 664 2512600',	'https://maps.google.com/?cid=6316883143739975639',	14.291962,	48.310235),
(34,	'Ristorante Pizzeria La Ruffa Donaulände (ehemals Amici)',	'ChIJ1TQ3WSqYc0cRPeLEGGJmwQU',	CONV('1', 2, 10) + 0,	'Verlängerte Kirchengasse 15, 4020 Linz, Österreich',	'+43 650 8855701',	'https://maps.google.com/?cid=414725212203180605',	14.287164,	48.312401),
(36,	'Cafe Bar Aquarium',	'ChIJeUoXSEeXc0cRffsS6dbrBMQ',	CONV('1', 2, 10) + 0,	'Altstadt 22, 4020 Linz, Österreich',	'+43 664 99887638',	'https://maps.google.com/?cid=14124673639606582141',	14.284264,	48.304663),
(37,	'Linzer Heuriger',	'ChIJo1XNXoaXc0cRaY6dG3ZYP6U',	CONV('1', 2, 10) + 0,	'Lederergasse 15, 4020 Linz, Österreich',	'+43 732 781517',	'https://maps.google.com/?cid=11907333204083576425',	14.291149,	48.306691),
(38,	'Frühjahrsmarkt Linz Urfahr',	'ChIJ7WhbVYqZc0cRHswn1PSRJ5E',	CONV('1', 2, 10) + 0,	'4040 Linz, Österreich',	NULL,	'https://maps.google.com/?cid=10459489140308691998',	14.289043,	48.313168),
(39,	'Sam\'s Steakhouse',	'ChIJ6SOz9CaYc0cRXoIUPSYKLu0',	CONV('1', 2, 10) + 0,	'Hauptpl. 16-18, 4020 Linz, Österreich',	'+43 676 6973198',	'https://maps.google.com/?cid=17090608795267400286',	14.286157,	48.305534),
(40,	'Wirtshaus Keintzel',	'ChIJMxpxsoaXc0cR-qOb7Bdvctk',	CONV('1', 2, 10) + 0,	'Rathausgasse 8, 4020 Linz, Österreich',	'+43 732 777550',	'https://maps.google.com/?cid=15668708202119930874',	14.287655,	48.306380),
(41,	'Gościnna Chata',	'ChIJgbhmxiWYc0cRgqrYpEdMl5I',	CONV('1', 2, 10) + 0,	'Hafenstraße 4, 4020 Linz, Österreich',	'+43 732 770961',	'https://maps.google.com/?cid=10562995321612839554',	14.301701,	48.314874),
(42,	'Coconut',	'ChIJ-wnbt4WXc0cRz8j2fJ7QOX8',	CONV('1', 2, 10) + 0,	'Marienstraße 11, 4020 Linz, Österreich',	'+43 650 2220032',	'https://maps.google.com/?cid=9167587895609313487',	14.290401,	48.304150),
(43,	'Bugs',	'ChIJZ5HmT4GXc0cRkEmEQhq1s_8',	CONV('1', 2, 10) + 0,	'Hauptpl. 3, 4020 Linz, Österreich',	'+43 732 785688',	'https://maps.google.com/?cid=18425269624892574096',	14.286754,	48.306374),
(44,	'Julia\'s Wohnzimmer',	'ChIJy-PDgTKYc0cRwig2sXdUDrM',	CONV('1', 2, 10) + 0,	'Linke Brückenstraße 20, 4040 Linz, Österreich',	'+43 664 3130701',	'https://maps.google.com/?cid=12902342855514007746',	14.290425,	48.319876),
(45,	'Miyako Ramen',	'ChIJiXXVIbeXc0cRBNqCmjt-TGw',	CONV('1', 2, 10) + 0,	'Altstadt 28, 4020 Linz, Österreich',	'+43 732 918155',	'https://maps.google.com/?cid=7803751048786663940',	14.284674,	48.304677),
(46,	'Pandana Thai Restaurant',	'ChIJrx75C4SXc0cRO_pyg2GRyxg',	CONV('1', 2, 10) + 0,	'Hauptpl. 23, 4020 Linz, Österreich',	'+43 732 775100',	'https://maps.google.com/?cid=1786681525185739323',	14.286870,	48.304692),
(47,	'New Namastey India',	'ChIJaTbZEsCXc0cRTtcZs6QlBGE',	CONV('1', 2, 10) + 0,	'Volksgartenstraße 19, 4020 Linz, Österreich',	'+43 732 280880',	'https://maps.google.com/?cid=6990753910895531854',	14.290089,	48.296169),
(48,	'Zinöggerstüberl',	'ChIJeU_0a8yXc0cR8-XgNrFE81M',	CONV('1', 2, 10) + 0,	'Zinöggerweg 6, 4020 Linz, Österreich',	'+43 676 6454988',	'https://maps.google.com/?cid=6049254252409316851',	14.298985,	48.272214),
(49,	'The Monkey Beach',	'ChIJS1Hf_DNXTo8RyVJ1dOURIVk',	CONV('1', 2, 10) + 0,	'Av. Rafael E. Melgar 9, El Parque, 77600 San Miguel de Cozumel, Q.R., Mexiko',	'+52 987 107 0004',	'https://maps.google.com/?cid=6422434220806066889',	-86.968467,	20.487866),
(50,	'Hooters',	'ChIJgRW7ZF8oTI8Rfrx67z0Gb-Y',	CONV('1', 2, 10) + 0,	'Blvd. Kukulcan KM 12.5, La Isla, Zona Hotelera, 77500 Cancún, Q.R., Mexiko',	'+52 998 176 8035',	'https://maps.google.com/?cid=16604497214218878078',	-86.764854,	21.110326),
(51,	'Izakaya Restaurant OG',	'ChIJMfRtuX-Xc0cRBcpB8OiVWK4',	CONV('0', 2, 10) + 0,	'Klammstraße 6, 4020 Linz, Österreich',	'+43 732 716817',	'https://maps.google.com/?cid=12562955988245793285',	14.284076,	48.302948),
(53,	'Das neue Muldenstüberl',	'ChIJHf5oagOXc0cRl33COfm_E5U',	CONV('1', 2, 10) + 0,	'Muldenstraße 35, 4020 Linz, Österreich',	'+43 676 5536649',	'https://maps.google.com/?cid=10742140613345574295',	14.299230,	48.274877),
(54,	'Hasenstall',	'ChIJD3rc-NSZc0cRnF-XU_6Kq0U',	CONV('1', 2, 10) + 0,	'Hauptstraße 62, 4040 Linz, Österreich',	'+43 732 716029',	'https://maps.google.com/?cid=5020259034563305372',	14.281115,	48.314499),
(55,	'Wirzhaus zur ewigen Ruh',	'ChIJk-2evNeXc0cRtVW89AJjmeI',	CONV('0', 2, 10) + 0,	'Friedhofstraße 12, 4020 Linz, Österreich',	'+43 732 776554',	'https://maps.google.com/?cid=16328190788355511733',	14.298545,	48.294294),
(56,	'Stiegl-Klosterhof',	'ChIJhZ_3D4WXc0cRjdtq97Y8SuA',	CONV('1', 2, 10) + 0,	'Landstraße 30, 4020 Linz, Österreich',	'+43 732 773373',	'https://maps.google.com/?cid=16161796969305136013',	14.289349,	48.302190),
(59,	'tamu sana',	'ChIJp9rTu3-Xc0cRS8By0zGYW8c',	CONV('1', 2, 10) + 0,	'Kirchengasse 6, 4040 Linz, Österreich',	'+43 732 711095',	'https://maps.google.com/?cid=14365242776196661323',	14.284466,	48.310065),
(60,	'Dos Muchachos',	'ChIJY-FcgPCXc0cR56HfqSAAv40',	CONV('0', 2, 10) + 0,	'Zollamtstraße 14, 4020 Linz, Österreich',	NULL,	'https://maps.google.com/?cid=10213882620188533223',	14.287801,	48.306782),
(61,	'Lisis Schmankerlstube',	'ChIJG0fhrsyXc0cRJuDm29BZItU',	CONV('1', 2, 10) + 0,	'Goethestraße 32, 4020 Linz, Österreich',	NULL,	'https://maps.google.com/?cid=15357936432864223270',	14.296674,	48.297292),
(63,	'LeBüsch',	'ChIJZ0fcuReXc0cRM4iu4aMxZcs',	CONV('0', 2, 10) + 0,	'Graben 24, 4020 Linz, Österreich',	'+43 670 6044004',	'https://maps.google.com/?cid=14656175142282889267',	14.289407,	48.305026),
(64,	'Bock-Treff',	'ChIJQdr4mfu9c0cRPUqFYqMT37I',	CONV('0', 2, 10) + 0,	'Wiener Str. 501, 4030 Linz, Österreich',	NULL,	'https://maps.google.com/?cid=12889042251011148349',	14.329796,	48.244639),
(65,	'Bayern Stubn',	'ChIJdRgoYMGXc0cRvPgyWURV4qE',	CONV('1', 2, 10) + 0,	'Wiener Str. 89, 4020 Linz, Österreich',	'+43 681 20790170',	'https://maps.google.com/?cid=11664979736885655740',	14.303935,	48.284670),
(66,	'Das Auerhahn',	'ChIJ5Q2ukviZc0cRLT03JhNyzI4',	CONV('0', 2, 10) + 0,	'B125 228, 4040 Linz, Österreich',	'+43 732 237888',	'https://maps.google.com/?cid=10289724675205840173',	14.302631,	48.326524),
(67,	'Union Cafe',	'ChIJC1T0LLmXc0cRZF9mEU9g1nk',	CONV('0', 2, 10) + 0,	'Unionstraße 53, 4020 Linz, Österreich',	'+43 732 652487',	'https://maps.google.com/?cid=8779310416315965284',	14.292744,	48.284404),
(68,	'Residenz-Cafe',	'ChIJnRXDUsqZc0cRWE_SjYr5kcQ',	CONV('0', 2, 10) + 0,	'Leonfeldner Str. 78, 4040 Linz, Österreich',	'+43 732 710670',	'https://maps.google.com/?cid=14164376676537093976',	14.286325,	48.327884),
(69,	'Grillstube Familie Danilovic',	'ChIJtb_0MuuXc0cRMf1GujbAfr0',	CONV('1', 2, 10) + 0,	'Hamerlingstraße 17, 4020 Linz, Österreich',	NULL,	'https://maps.google.com/?cid=13654562461519904049',	14.300867,	48.291978),
(70,	'Carly - Connected Car',	'ChIJYVhJXuTenUcRcq0abxmryGU',	CONV('0', 2, 10) + 0,	'Kolpingring 8, 82041 Oberhaching, Deutschland',	'+49 89 45225817',	'https://maps.google.com/?cid=7334300118899404146',	11.585154,	48.030864),
(71,	'Charly\'s essen und trinken',	'ChIJYbM4nPKZc0cRp3UktA8Qwp0',	CONV('1', 2, 10) + 0,	'Ferihumerstraße 44, 4040 Linz, Österreich',	'+43 732 711439',	'https://maps.google.com/?cid=11367666069069395367',	14.289895,	48.315579),
(72,	'Gasthaus Little Saigon Linz',	'ChIJux16AYyXc0cRMdFt6zFbLTE',	CONV('0', 2, 10) + 0,	'Gruberstraße 82, 4020 Linz, Österreich',	'+43 699 10997312',	'https://maps.google.com/?cid=3543588751771816241',	14.300142,	48.303683),
(73,	'Cafe Scorpion',	'ChIJCwPn2_GXc0cR7g-5XQ87td0',	CONV('1', 2, 10) + 0,	'Garnisonstraße 51A, 4020 Linz, Österreich',	NULL,	'https://maps.google.com/?cid=15975740190349660142',	14.312915,	48.297730),
(75,	'Magdalenal',	'ChIJu8P45UuYc0cR8C9HAsZORpU',	CONV('0', 2, 10) + 0,	'Griesmayrstraße 18, 4040 Linz, Österreich',	'+43 732 248659',	'https://maps.google.com/?cid=10756371372369719280',	14.300180,	48.333592),
(83,	'Restaurant Rauchkuchl',	'ChIJ7UbD5yaYc0cRhMpT8tkMo-Y',	CONV('0', 2, 10) + 0,	'Holzstraße 18, 4020 Linz, Österreich',	'+43 732 777108',	'https://maps.google.com/?cid=16619141180140276356',	14.302069,	48.312061),
(84,	'Lüfti - Lüfteneggerstüberl',	'ChIJzQkn7oeXc0cRL_tHMHRHro4',	CONV('1', 2, 10) + 0,	'Lüfteneggerstraße 4, 4020 Linz, Österreich',	'+43 732 282757',	'https://maps.google.com/?cid=10281233563685223215',	14.294309,	48.309128),
(85,	'Thüsen Tak',	'ChIJ0wmurYSXc0cR5xP5Mqianh8',	CONV('1', 2, 10) + 0,	'Waltherstraße 21, 4020 Linz, Österreich',	'+43 650 2271403',	'https://maps.google.com/?cid=2278428508696417255',	14.285138,	48.301086),
(86,	'Valdés',	'ChIJsTY5y4LWAr4RKOaySgOPusk',	CONV('0', 2, 10) + 0,	'Valdés, Provinz Chubut, Argentinien',	NULL,	'https://maps.google.com/?q=Vald%C3%A9s&ftid=0xbe02d682cb3936b1:0xc9ba8f034ab2e628',	-63.879015,	-42.528587),
(87,	'Cafe Valdés',	'ChIJUbPDhYSXc0cR6_9X7pgH62w',	CONV('1', 2, 10) + 0,	'Herrenstraße 7, 4020 Linz, Österreich',	'+43 676 3724301',	'https://maps.google.com/?cid=7848375129038389227',	14.286206,	48.302945),
(88,	'Kletterzentrum AM TURM',	'ChIJswP3rGuYc0cR2N7oh6ZksR0',	CONV('0', 2, 10) + 0,	'Julius-Raab-Straße 4, 4040 Linz, Österreich',	'+43 680 1292222',	'https://maps.google.com/?cid=2139601964385230552',	14.323422,	48.329218),
(89,	'Tramway im Stockhof',	'ChIJT_Gg7ZmXc0cRBUD975bSvAI',	CONV('1', 2, 10) + 0,	'Stockhofstraße 27, 4020 Linz, Österreich',	'+43 732 781564',	'https://maps.google.com/?cid=197264029410738181',	14.286863,	48.294925),
(90,	'Christkindlmarkt Hauptplatz',	'ChIJVVVV_oOXc0cRkTPeALT4Wck',	CONV('1', 2, 10) + 0,	'Hauptpl., 4020 Linz, Österreich',	NULL,	'https://maps.google.com/?cid=14508901126543127441',	14.286646,	48.305633),
(91,	'amsec',	'ChIJcz6BPpmmc0cR06rdYnj_G6A',	CONV('1', 2, 10) + 0,	'Softwarepark 37, 4232 Hagenberg im Mühlkreis, Österreich',	'+43 7236 33510',	'https://maps.google.com/?cid=11537095762959510227',	14.513291,	48.369844),
(92,	'Alte Metzgerei',	'ChIJ-dDggISXc0cRKFU83UubDGY',	CONV('0', 2, 10) + 0,	'Herrenstraße 5, 4020 Linz, Österreich',	'+43 732 774434',	'https://maps.google.com/?cid=7353423041725748520',	14.285996,	48.303146),
(93,	'Szechuan Impression',	'ChIJAdXQVhyXc0cR9VtNT_sygto',	CONV('0', 2, 10) + 0,	'Rathausgasse 1, 4020 Linz, Österreich',	'+43 664 5142589',	'https://maps.google.com/?cid=15745203302189325301',	14.287078,	48.306264),
(94,	'Gasthaus Eckerl',	'ChIJW2sjGbCXc0cReS6nEtq3AUo',	CONV('0', 2, 10) + 0,	'Unionstraße 92, 4020 Linz, Österreich',	'+43 732 670880',	'https://maps.google.com/?cid=5332745581027077753',	14.281200,	48.279995),
(97,	'Goethe Stub\'n',	'ChIJ69q1P5KXc0cRuHk0-ZRgSF8',	CONV('1', 2, 10) + 0,	'Dinghoferstraße 52, 4020 Linz, Österreich',	'+43 732 658617',	'https://maps.google.com/?cid=6865843824878713272',	14.298333,	48.297936),
(98,	'Gasthaus \"Zur Eisernen Hand\"',	'ChIJgzchoI6Xc0cRTiu46C6yUAw',	CONV('1', 2, 10) + 0,	'Eisenhandstraße 43, 4020 Linz, Österreich',	'+43 732 770182',	'https://maps.google.com/?cid=887405041134611278',	14.299259,	48.302878),
(99,	'Asia Restaurant Grandmother Food',	'ChIJGY_iCvIHbUcRrMCRUj6TKwA',	CONV('0', 2, 10) + 0,	'Burggasse 101, 1070 Wien, Österreich',	'+43 1 5234398',	'https://maps.google.com/?cid=12265319881097388',	16.341829,	48.204245),
(100,	'Cafe Andi\"s Cool',	'ChIJ0S4vM5CXc0cRlYTL4xp-iNo',	CONV('1', 2, 10) + 0,	'Bürgerstraße 21, 4020 Linz, Österreich',	'+43 677 63165482',	'https://maps.google.com/?cid=15746974751056954517',	14.293909,	48.299045),
(101,	'Fischerhäusl',	'ChIJK3f_LICXc0cRflIr3odrAt8',	CONV('1', 2, 10) + 0,	'Flußgasse 3, 4040 Linz, Österreich',	'+43 732 232700',	'https://maps.google.com/?cid=16069524651703489150',	14.282267,	48.309040),
(103,	'Gasthaus \"Zur Eisernen Hand\"2',	'ChIJgzchoI6Xc0cRTiu46C6yUAw',	CONV('1', 2, 10) + 0,	'Eisenhandstraße 43, 4020 Linz, Österreich',	'+43 732 770182',	'https://maps.google.com/?cid=887405041134611278',	14.299259,	48.302878),
(104,	'Restaurant \"Alte Brücke Mostar\"',	'ChIJVdPpeD-Wc0cRofmWntVxGUk',	CONV('1', 2, 10) + 0,	'Dauphinestraße 224, 4030 Linz, Österreich',	'+43 732 380490',	'https://maps.google.com/?cid=5267366401489172897',	14.284930,	48.253845),
(105,	'Bangkok smile',	'ChIJ6w_9WIOXc0cRs-Sckjsnm-M',	CONV('0', 2, 10) + 0,	'Waltherstraße 11, 4020 Linz, Österreich',	'+43 732 773820',	'https://maps.google.com/?cid=16400745604816102579',	14.284683,	48.301784),
(106,	'Restaurant Rauner',	'ChIJh28l4sGXc0cRUnmG_3K1bLY',	CONV('0', 2, 10) + 0,	'Kraußstraße 16, 4020 Linz, Österreich',	'+43 732 918484',	'https://maps.google.com/?cid=13145080917905537362',	14.304922,	48.288137),
(107,	'Cafe Bar Mezzanin',	'ChIJUdpvP4CXc0cRlBP4Oke1XlU',	CONV('0', 2, 10) + 0,	'Johann-Konrad-Vogel-Straße 11, 4020 Linz, Österreich',	NULL,	'https://maps.google.com/?cid=6151553458571318164',	14.292468,	48.300785),
(108,	'Exxtrablatt',	'ChIJVVWF8YSXc0cRIHIdYMySvbU',	CONV('1', 2, 10) + 0,	'Spittelwiese 8, 4020 Linz, Österreich',	'+43 732 77247755',	'https://maps.google.com/?cid=13095784697946796576',	14.287548,	48.302621),
(109,	'dombar',	'ChIJfW7yivqXc0cRj1muRiIWGAE',	CONV('0', 2, 10) + 0,	'Stifterstraße 4, 4020 Linz, Österreich',	'+43 676 6739017',	'https://maps.google.com/?cid=78837329949514127',	14.286917,	48.299779),
(110,	'Schlosscafe - Linz',	'ChIJf3vWLYKXc0cRtVWQgsnTqHk',	CONV('1', 2, 10) + 0,	'Schlossberg 1, 4020 Linz, Österreich',	NULL,	'https://maps.google.com/?cid=8766489537109054901',	14.282341,	48.305391),
(113,	'TAIFUN asiatisches Restaurant',	'ChIJzQGxIliWc0cRZnO5l_-LL50',	CONV('1', 2, 10) + 0,	'Dr. Herbert-Sperl-Ring 2, 4060 Leonding, Österreich',	'+43 732 671463',	'https://maps.google.com/?cid=11326425517738521446',	14.259807,	48.262852),
(114,	'Gelbes Krokodil',	'ChIJv-10mYWXc0cRpod6T3TDtxs',	CONV('1', 2, 10) + 0,	'OK-Platz 1, 4020 Linz, Österreich',	'+43 732 784182',	'https://maps.google.com/?cid=1997279864079157158',	14.290849,	48.302931),
(117,	'China Restaurant - Xu Wok & More Linz',	'ChIJEx0De4WXc0cR7ANKqzz0Mn8',	CONV('0', 2, 10) + 0,	'Mozartstraße 7, 4020 Linz, Österreich',	'+43 732 234372',	'https://maps.google.com/?cid=9165656733061350380',	14.291433,	48.302315),
(118,	'Sudhaus Traun',	'ChIJpe6lkMuVc0cRByQDfAay-Jo',	CONV('0', 2, 10) + 0,	'Madlschenterweg 7, 4050 Traun, Österreich',	'+43 7229 21109',	'https://maps.google.com/?cid=11166871016985273351',	14.240133,	48.219343),
(119,	'Hannis Beisl',	'ChIJ2Xt6cISXc0cR70O_FdNsumc',	CONV('1', 2, 10) + 0,	'Sankt-Peter-Straße 42, 4020 Linz, Österreich',	NULL,	'https://maps.google.com/?cid=7474406185433514991',	14.322264,	48.287280),
(120,	'La Bottega',	'ChIJg7ZLDe2bc0cRAKgqLDiijE4',	CONV('0', 2, 10) + 0,	'Weingartenstraße 14, 4100 Ottensheim, Österreich',	'+43 7234 82128',	'https://maps.google.com/?cid=5660077193840732160',	14.177024,	48.338088),
(121,	'Pizzamanufaktur Casa Vecchia',	'ChIJEd9Nl4aac0cRVzP3s-PazaU',	CONV('0', 2, 10) + 0,	'Marktpl. 4, 4100 Ottensheim, Österreich',	'+43 7234 85055',	'https://maps.google.com/?cid=11947446057995547479',	14.176232,	48.331672),
(122,	'Gasthof Zur Post Ottensheim',	'ChIJ4f4w9Iaac0cRikbUhetQaOY',	CONV('0', 2, 10) + 0,	'Linzer Str. 17, 4100 Ottensheim, Österreich',	'+43 7234 82228',	'https://maps.google.com/?cid=16602608998794151562',	14.177847,	48.332321),
(123,	'Donauhof An der Fähre',	'ChIJdQ9syIaac0cRzQFxUxhqXGA',	CONV('0', 2, 10) + 0,	'Donaulände 9, 4100 Ottensheim, Österreich',	'+43 7234 83818',	'https://maps.google.com/?cid=6943541378210136525',	14.176375,	48.330346),
(125,	'Schnellimbiss am Schillerpark',	'ChIJAyv6kX6Xc0cRvbFQbkMHhuA',	CONV('1', 2, 10) + 0,	'Schillerpl., 4020 Linz, Österreich',	'+43 660 1591069',	'https://maps.google.com/?cid=16178626697570070973',	14.291130,	48.298316),
(126,	'Wia z\'haus Lehner',	'ChIJ4ZhLUc-Zc0cR7kS77ggnP10',	CONV('0', 2, 10) + 0,	'Harbacher Str. 38, 4040 Linz, Österreich',	'+43 732 730510',	'https://maps.google.com/?cid=6719132088378541294',	14.277377,	48.326938),
(127,	'Rosi\'s Pub',	'ChIJsR9QqZ2Xc0cR69Ja-gtNLzU',	CONV('1', 2, 10) + 0,	'Wiener Str. 18, 4020 Linz, Österreich',	'+43 732 658172',	'https://maps.google.com/?cid=3832366521755816683',	14.298363,	48.289003),
(128,	'Kirchenwirt am Pöstlingberg Haudum/Ruetz OG',	'ChIJB3su1eeZc0cRakv6GB3kNlM',	CONV('0', 2, 10) + 0,	'Am Pöstlingberg 6, 4040 Linz, Österreich',	'+43 732 731071',	'https://maps.google.com/?cid=5996230767514635114',	14.258292,	48.324600),
(129,	'Liebhaberei Linz',	'ChIJOxXB6KaXc0cRFHoZojh625k',	CONV('0', 2, 10) + 0,	'Hauptpl. 11, 4020 Linz, Österreich',	'+43 732 776784',	'https://maps.google.com/?cid=11086589291358943764',	14.285684,	48.306083),
(130,	'Da Giulio Linz',	'ChIJTdnK4wO9c0cRg2Mzm9NjXlE',	CONV('0', 2, 10) + 0,	'Wiener Str. 485, 4030 Linz, Österreich',	'+43 732 272707',	'https://maps.google.com/?cid=5863233525376050051',	14.328602,	48.245425),
(131,	'Trattoria Scollo',	'ChIJJQiKfjOZc0cRp_T0jAuUhaQ',	CONV('1', 2, 10) + 0,	'Knabenseminarstraße 6, 4040 Linz, Österreich',	'+43 650 8040696',	'https://maps.google.com/?cid=11855044371453113511',	14.280439,	48.316168),
(132,	'TiL Treffpunkt in Langholzfeld',	'ChIJF8uUuYWWc0cRfTSXMjYtE0A',	CONV('1', 2, 10) + 0,	'Adalbert-Stifter-Straße 31, 4061, Österreich',	'+43 7229 63073',	'https://maps.google.com/?cid=4617083753785144445',	14.239075,	48.243753),
(133,	'Wissensturm - Volkshochschule Linz - Stadtbibliothek Linz',	'ChIJQQCxYb2Xc0cRxhtMdwUtsjs',	CONV('1', 2, 10) + 0,	'Kärntnerstraße 26, 4020 Linz, Österreich',	'+43 732 707000',	'https://maps.google.com/?cid=4301550095591807942',	14.288338,	48.290846),
(134,	'GASTHAUS EXENSCHLÄGER - Ewald Furtmüller',	'ChIJNbb-3KKZc0cR663gTt8yCwI',	CONV('0', 2, 10) + 0,	'Kühreiterweg 70, 4040 Linz, Österreich',	'+43 732 254501',	'https://maps.google.com/?cid=147267347502116331',	14.274522,	48.343941),
(135,	'Örebro Ölhall',	'ChIJCa0k_R0VXEYR7ocarqDoqLE',	CONV('1', 2, 10) + 0,	'Klostergatan 13, 703 61 Örebro, Schweden',	'+46 19 12 23 88',	'https://maps.google.com/?cid=12801737717614020590',	15.212347,	59.275426),
(136,	'Abbaye Notre-Dame de Leffe',	'ChIJl9k4dWGVwUcR-zEaDQSA3-Q',	CONV('0', 2, 10) + 0,	'Place de l\'Abbaye 1, 5500 Dinant, Belgien',	'+32 82 22 23 77',	'https://maps.google.com/?cid=16492041115342090747',	4.907500,	50.268889),
(137,	'Augustiner Bräu Kloster Mülln',	'ChIJ1aw6IG6QdkcR279QrNTFEV8',	CONV('1', 2, 10) + 0,	'Lindhofstraße 7, 5020 Salzburg, Österreich',	'+43 662 431246',	'https://maps.google.com/?cid=6850474025421946843',	13.033772,	47.805688),
(139,	'Urfahrmarkt2',	'ChIJv0PpSCqYc0cRJ9yoZPWTLG8',	CONV('1', 2, 10) + 0,	'Urfahrmarkt, 4040 Linz, Österreich',	NULL,	'https://maps.google.com/?q=Urfahrmarkt,+4040+Linz,+%C3%96sterreich&ftid=0x4773982a48e943bf:0x6f2c93f564a8dc27',	14.288896,	48.312662),
(140,	'Station183',	'ChIJ1dBz20GXc0cRmI0-0zM7fj8',	CONV('1', 2, 10) + 0,	'Rudigierstraße 8, 4020 Linz, Österreich',	'+43 660 6125122',	'https://maps.google.com/?cid=4575159365228465560',	14.288889,	48.300783),
(143,	'Osteria Il Pescatore',	'ChIJY_0XAomXc0cRHBeWGLCg5Wo',	CONV('1', 2, 10) + 0,	'Museumstraße 36, 4020 Linz, Österreich',	'+43 660 3795941',	'https://maps.google.com/?cid=7702739415874279196',	14.298120,	48.306456),
(144,	'URFAHRANER Heurigenkeller',	'ChIJMcBGA8mZc0cRG3M5qDK-ehw',	CONV('0', 2, 10) + 0,	'Hauptstraße 56/UG, 4040 Linz, Österreich',	'+43 699 13091247',	'https://maps.google.com/?cid=2052161705000661787',	14.281414,	48.314198),
(145,	'Cafe-Pub Strawanzer',	'ChIJG5OLSkCYc0cRuJz5SdN-N4Y',	CONV('0', 2, 10) + 0,	'Freistädter Str. 307, 4040 Linz, Österreich',	'+43 732 243880',	'https://maps.google.com/?cid=9671338170745724088',	14.318247,	48.329652),
(146,	'Schmankerl Eck',	'ChIJ-2yBmY2Xc0cR2VzAGQ1_eAQ',	CONV('1', 2, 10) + 0,	'Marktpl. 26, 4020 Linz, Österreich',	NULL,	'https://maps.google.com/?cid=322147067600329945',	14.300592,	48.299890),
(147,	'Alarabe Restaurant مطعم العربي',	'ChIJMVRponyXc0cROH8dN7ClM-s',	CONV('1', 2, 10) + 0,	'Mozartstraße 44, 4020 Linz, Österreich',	'+43 732 944008',	'https://maps.google.com/?cid=16948071998982815544',	14.297231,	48.302524),
(148,	'Bigoli',	'ChIJVSnVd4WXc0cRemX99QlS6Bs',	CONV('1', 2, 10) + 0,	'OK-Platz 1a, 4020 Linz, Österreich',	'+43 732 770711',	'https://maps.google.com/?cid=2010947436356134266',	14.291216,	48.302664),
(149,	'Bäckerei Konditorei Inpek',	'ChIJWRFLRuWZc0cRUO3r3d7CJ5E',	CONV('0', 2, 10) + 0,	'Lederergasse, 4020 Linz, Österreich',	'+43 660 7779192',	'https://maps.google.com/?cid=10459542922053021008',	14.299610,	48.309785),
(150,	'Be right back',	'ChIJASWKUdKXc0cRv6xlYeLi1Mo',	CONV('0', 2, 10) + 0,	'Hofgasse 12, 4020 Linz, Österreich',	'+43 664 3804569',	'https://maps.google.com/?cid=14615556152648641727',	14.284882,	48.305956),
(151,	'Cafe Meier',	'ChIJr5eOv4aXc0cRa57R7B--_ZA',	CONV('1', 2, 10) + 0,	'Pfarrpl. 7, 4020 Linz, Österreich',	'+43 732 778788',	'https://maps.google.com/?cid=10447715754895842923',	14.289141,	48.306819),
(155,	'Gasthof Stöttner \"Zum gemütlichen Treff\"',	'ChIJ1yeJLVLmC0ER5oayNvbx0k0',	CONV('0', 2, 10) + 0,	'Marktpl. 7, 84066 Mallersdorf-Pfaffenberg, Deutschland',	'+49 8772 5102',	'https://maps.google.com/?cid=5607810525811607270',	12.227240,	48.769320),
(156,	'Lily\'s Kitchen',	'ChIJG4qxsbaXc0cRfj4r11MDU_s',	CONV('1', 2, 10) + 0,	'Altstadt 1, 4020 Linz, Österreich',	'+43 732 205588',	'https://maps.google.com/?cid=18109822185214000766',	14.284413,	48.305676),
(159,	'Lucky Bamboo Asia-Restaurant in Perg',	'ChIJO5uuHPSxc0cRtBk2yfXKrE8',	CONV('1', 2, 10) + 0,	'Doktor-Schober-Straße 15, 4320 Perg, Österreich',	'+43 7262 53848',	'https://maps.google.com/?cid=5741186781982103988',	14.635852,	48.250535),
(160,	'Samina s Cafe',	'ChIJCxWJnpqXc0cRTTbTRZyIs9Y',	CONV('0', 2, 10) + 0,	'Langgasse 10, 4020 Linz, Österreich',	'+43 664 4040820',	'https://maps.google.com/?cid=15470859349715531341',	14.290056,	48.298758),
(161,	'Klaus & Wein',	'ChIJAwZJfoWXc0cRkooiyr6Bt_0',	CONV('0', 2, 10) + 0,	'Harrachstraße 10, 4020 Linz, Österreich',	'+43 650 2054450',	'https://maps.google.com/?cid=18282223868768848530',	14.292032,	48.302383),
(162,	'Veggiezz X Garden',	'ChIJbcrIFoeZc0cRYEM-Kf-1KtQ',	CONV('1', 2, 10) + 0,	'Holzstraße 8, 4020 Linz, Österreich',	'+43 676 4227332',	'https://maps.google.com/?cid=15288231992575804256',	14.301311,	48.312856),
(165,	'Wochenmarkt2',	'ChIJmxLTWuqbc0cRU83uUpXkRck',	CONV('0', 2, 10) + 0,	'Marktpl. 5-2, 4100 Ottensheim, Österreich',	NULL,	'https://maps.google.com/?cid=14503249505009192275',	14.176252,	48.331522),
(166,	'Andechser Bräustüberl',	'ChIJSaYwlCfNnUcRhyLWr9lwOZ8',	CONV('0', 2, 10) + 0,	'Bergstraße 2, 82346 Andechs, Deutschland',	'+49 8152 376261',	'https://maps.google.com/?cid=11473325605963309703',	11.183414,	47.974267),
(167,	'Das Landhof',	'ChIJHco3ufeXc0cR7zIRZYiS_6A',	CONV('0', 2, 10) + 0,	'Pummererstraße 4a, 4020 Linz, Österreich',	'+43 732 779832',	'https://maps.google.com/?cid=11601152279638520559',	14.319165,	48.305277),
(168,	'Linzer Stadtalm',	'ChIJA72snwKYc0cRDmfshr_6HO4',	CONV('1', 2, 10) + 0,	'Johann-Metz-Straße 6a, 4020 Linz, Österreich',	'+43 660 2186399',	'https://maps.google.com/?cid=17157864380884084494',	14.323863,	48.306273),
(171,	'Da Toni',	'ChIJZZlq3y2Yc0cRtcXbkZLsDRs',	CONV('0', 2, 10) + 0,	'Heilhamer W., 4040 Linz, Österreich',	NULL,	'https://maps.google.com/?cid=1949474327977772469',	14.293486,	48.318661),
(174,	'Stefan Stubm',	'ChIJdzHJx_OXc0cRDm58KVBb1EA',	CONV('1', 2, 10) + 0,	'Garnisonstraße 30, 4020 Linz, Österreich',	'+43 732 604080',	'https://maps.google.com/?cid=4671459113341578766',	14.310715,	48.300863),
(175,	'Hotel-Restaurant Weissenwolff',	'ChIJGT7sZCS9c0cRSNOhFDpPmS4',	CONV('0', 2, 10) + 0,	'Weißenwolffstraße 4, 4221 Steyregg, Österreich',	'+43 660 7789122',	'https://maps.google.com/?cid=3357802108054262600',	14.371029,	48.285596),
(176,	'Magic Lounge',	'ChIJ84WkoGmXc0cREU1V7F5XhPs',	CONV('0', 2, 10) + 0,	'Franckstraße 63, 4020 Linz, Österreich',	'+43 677 64268068',	'https://maps.google.com/?cid=18123706865649274129',	14.318068,	48.290953),
(177,	'Nestroystüberl',	'ChIJkaaifNOZc0cRlFdREkHMXVE',	CONV('0', 2, 10) + 0,	'Nestroystraße 4, 4040 Linz, Österreich',	'+43 732 732238',	'https://maps.google.com/?cid=5863066869758515092',	14.282813,	48.316668),
(178,	'Köglerhof',	'ChIJV_tRPodSdkcRvwwf8WO3u8I',	CONV('0', 2, 10) + 0,	'Am Großamberg 7, 4040 Großamberg, Österreich',	'+43 7239 5256',	'https://maps.google.com/?cid=14032010703877901503',	14.227086,	48.342693),
(185,	'Ristorante Monte Verde',	'ChIJNVFKAtWZc0cR4F5jOiSHeDE',	CONV('0', 2, 10) + 0,	'Hauptstraße 63, 4040 Linz, Österreich',	'+43 732 737348',	'https://maps.google.com/?cid=3564747694731910880',	14.281205,	48.313978),
(186,	'Taverne Sorbas',	'ChIJCZPEtoaXc0cRerD92i6EG8E',	CONV('1', 2, 10) + 0,	'Neutorgasse 3, 4020 Linz, Österreich',	'+43 676 4266479',	'https://maps.google.com/?cid=13914860810468700282',	14.287930,	48.306777),
(187,	'Kaffee Glockenspiel',	'ChIJ064h-oOXc0cRpjC5YuYBKvc',	CONV('1', 2, 10) + 0,	'Hauptpl. 18, 4020 Linz, Österreich',	'+43 732 774834',	'https://maps.google.com/?cid=17810049765400457382',	14.286335,	48.305365),
(190,	'Antica Locanda - Italienisches Restaurant & Pizzeria',	'ChIJeSm_0YKXc0cRzf4_t6HgJpA',	CONV('1', 2, 10) + 0,	'Mariahilfgasse 1, 4020 Linz, Österreich',	'+43 650 6355869',	'https://maps.google.com/?cid=10387236575745408717',	14.280711,	48.301876),
(191,	'Michaeli Bräu 2',	'ChIJu84Bp2qXc0cRNjBhPLkTlRY',	CONV('1', 2, 10) + 0,	'Lugwiesstraße 40, 4060 Leonding, Österreich',	NULL,	'https://maps.google.com/?cid=1627228526667182134',	14.247520,	48.296301),
(192,	'Brauhaus Haselbach',	'ChIJDeWoJ381dEcRVe2qUhI32dk',	CONV('1', 2, 10) + 0,	'Haselbach 22, 5280 Braunau am Inn, Österreich',	'+43 7722 22358',	'https://maps.google.com/?cid=15697638528012447061',	13.055600,	48.253272),
(195,	'Wochenmarkt3',	'ChIJmxLTWuqbc0cRU83uUpXkRck',	CONV('0', 2, 10) + 0,	'Marktpl. 5-2, 4100 Ottensheim, Österreich',	NULL,	'https://maps.google.com/?cid=14503249505009192275',	14.176252,	48.331522),
(196,	'Freitagsmarkt',	'ChIJGTbarKebc0cRXCyxhgx2d7A',	CONV('0', 2, 10) + 0,	'Marktpl. 23-3, 4100 Ottensheim, Österreich',	NULL,	'https://maps.google.com/?cid=12715761869075328092',	14.176237,	48.331527),
(197,	'Thor Bräu',	'ChIJcafNKYSac0cRZYb2UroDc00',	CONV('0', 2, 10) + 0,	'Hostauerstraße 2, 4100 Ottensheim, Österreich',	'+43 7234 82371',	'https://maps.google.com/?cid=5580808462032864869',	14.175169,	48.332071),
(198,	'LUI - Linzer Uni Inn',	'ChIJi_lIN12Yc0cRG20XON_CQUM',	CONV('0', 2, 10) + 0,	'Altenberger Str. 69, 4040 Linz, Österreich',	NULL,	'https://maps.google.com/?cid=4846368938001919259',	14.321972,	48.337479),
(201,	'ABIS Kebap',	'ChIJp2ceNeqXc0cRNiZlYZS1WDY',	CONV('1', 2, 10) + 0,	'Hauptpl., 4020 Linz, Österreich',	NULL,	'https://maps.google.com/?cid=3916079524892452406',	14.286121,	48.306766),
(202,	'Hapi Papi - Würstelstand - Herbert Mugrauer GmbH',	'ChIJ72xgGk2ic0cRHay5jEPyb20',	CONV('0', 2, 10) + 0,	'Linzerberg 24, 4209 Linzerberg, Österreich',	'+43 7235 64216',	'https://maps.google.com/?cid=7885787844486736925',	14.410712,	48.348264),
(203,	'Imbissstand Dörfler',	'ChIJRTi1N469c0cRqntolAGmI_I',	CONV('0', 2, 10) + 0,	'Linzer Str. 5a, 4221 Steyregg, Österreich',	'+43 732 640328',	'https://maps.google.com/?cid=17447971907078486954',	14.369418,	48.283811),
(204,	'Rooftop7',	'ChIJdQ-Vj4SXc0cRml8n35fzl_I',	CONV('1', 2, 10) + 0,	'Herrenstraße 11, 4020 Linz, Österreich',	'+43 732 772477',	'https://maps.google.com/?cid=17480708312271380378',	14.286349,	48.302741),
(210,	'Underground Cafe',	'ChIJ9ShkfVmXc0cR74YliS7XDqY',	CONV('1', 2, 10) + 0,	'Hauptstraße 16/18, 4040 Linz, Österreich',	NULL,	'https://maps.google.com/?cid=11965737854839391983',	14.283177,	48.311114),
(211,	'Wirtshaus zur Makart Stub\'n',	'ChIJwygF0MGXc0cRUtGWEXDTuh4',	CONV('0', 2, 10) + 0,	'Makartstraße 11, 4020 Linz, Österreich',	'+43 732 65229630',	'https://maps.google.com/?cid=2214314645090914642',	14.303034,	48.287880),
(212,	'Gösser Stub\'n',	'ChIJR8tGj46Xc0cR6lyV0y-Ih4g',	CONV('0', 2, 10) + 0,	'Starhembergstraße 11, 4020 Linz, Österreich',	NULL,	'https://maps.google.com/?cid=9837981650008759530',	14.298076,	48.302162),
(213,	'Gabriele Stadler',	'ChIJw9y7p4-Xc0cReZAVoRI3Vfo',	CONV('0', 2, 10) + 0,	'Fadingerstraße 19, 4020 Linz, Österreich',	'+43 664 5050227',	'https://maps.google.com/?cid=18038384435653873785',	14.294479,	48.302139),
(214,	'Gabriellas Trattoria',	'ChIJaZaxMkG8c0cRwEqadtvFNn0',	CONV('1', 2, 10) + 0,	'Raffelstettnerstraße 30, 4030 Linz, Österreich',	'+43 732 301661',	'https://maps.google.com/?cid=9022616449861700288',	14.379063,	48.241432),
(215,	's\'Fichterl / Runway',	'ChIJp5JgNqiXc0cRyHYFJMaDa2Y',	CONV('1', 2, 10) + 0,	'Fichtenstraße 2, 4020 Linz, Österreich',	NULL,	'https://maps.google.com/?cid=7380137301407790792',	14.309883,	48.279971),
(216,	'Horizont',	'ChIJM-CZz9qXc0cRgey12CpaebQ',	CONV('0', 2, 10) + 0,	'4021, Wiener Str. 150, 4020 Linz, Österreich',	'+43 732 342165',	'https://maps.google.com/?cid=13004524539079945345',	14.308886,	48.279404),
(217,	'Xu Wok & More',	'ChIJEx0De4WXc0cR7ANKqzz0Mn8',	CONV('1', 2, 10) + 0,	'Mozartstraße 7, 4020 Linz, Österreich',	'+43 732 234372',	'https://maps.google.com/?cid=9165656733061350380',	14.291395,	48.302237),
(218,	'Bistro Vu',	'ChIJv0SZdLGXc0cRwMflnDXz-Ek',	CONV('0', 2, 10) + 0,	'Wiener Str. 81, 4020 Linz, Österreich',	'+43 732 606159',	'https://maps.google.com/?cid=5330277570584102848',	14.303125,	48.285013),
(219,	'Sonnensteinbuffet',	'ChIJPVG_StWZc0cRMJaHlBEDJnI',	CONV('1', 2, 10) + 0,	'Sonnensteinstraße 2, 4040 Linz, Österreich',	'+43 680 2052949',	'https://maps.google.com/?cid=8225265143480030768',	14.283346,	48.312504),
(221,	'Station1832',	'ChIJ1dBz20GXc0cRmI0-0zM7fj8',	CONV('1', 2, 10) + 0,	'Rudigierstraße 8, 4020 Linz, Österreich',	'+43 660 6125122',	'https://maps.google.com/?cid=4575159365228465560',	14.288889,	48.300783),
(222,	'ARIS Taverna.Ouserie',	'ChIJ9XMOsHeXc0cRxHzgQh2666o',	CONV('0', 2, 10) + 0,	'Mariahilfgasse 40, 4020 Linz, Österreich',	'+43 664 3728801',	'https://maps.google.com/?cid=12316142240813579460',	14.274590,	48.300216),
(223,	'Bratwurstglöckerl',	'ChIJOWq5xCyWc0cR5xS1L8yN4Vk',	CONV('0', 2, 10) + 0,	'Angerholzerweg 38, 4020 Linz, Österreich',	'+43 732 342024',	'https://maps.google.com/?cid=6476613647248725223',	14.306175,	48.266859),
(224,	'Weinstadl Urfahr',	'ChIJu8P45UuYc0cRwpDkIfoaKZU',	CONV('1', 2, 10) + 0,	'Griesmayrstraße 18, 4040 Linz, Österreich',	'+43 664 99329932',	'https://maps.google.com/?cid=10748151647309172930',	14.299990,	48.333490),
(227,	'Maxx Cafe',	'ChIJt07Gs5CXc0cRIlmT7RinaUQ',	CONV('0', 2, 10) + 0,	'Gärtnerstraße 2a, 4020 Linz, Österreich',	NULL,	'https://maps.google.com/?cid=4929654992640629026',	14.289766,	48.295482),
(228,	'Tractive',	'ChIJZzk761KXc0cRLXg_ZGY4qeQ',	CONV('1', 2, 10) + 0,	'Poststraße 4, 4061 Pasching, Österreich',	NULL,	'https://maps.google.com/?cid=16476762724131371053',	14.234120,	48.240701),
(229,	'Goldmarie Dorfladen',	'ChIJ60GhFJuPc0cR9Gt2g0OqAzA',	CONV('0', 2, 10) + 0,	'Hauptstraße 4, 4102 Goldwörth, Österreich',	'+43 660 7238001',	'https://maps.google.com/?cid=3459796145695779828',	14.100874,	48.327118),
(230,	'Radius Linz',	'ChIJe_SAG26Xc0cRj2jJL66mN-U',	CONV('0', 2, 10) + 0,	'Altstadt 6, 4020 Linz, Österreich',	'+43 677 63668725',	'https://maps.google.com/?cid=16516853425460832399',	14.284222,	48.305626),
(231,	'Freistädter Brauhaus',	'ChIJSYDyAZ8Lc0cRV428wx5EFb0',	CONV('1', 2, 10) + 0,	'Brauhausstraße 2, 4240 Freistadt, Österreich',	'+43 7942 72772',	'https://maps.google.com/?cid=13624871146602925399',	14.501339,	48.510145),
(232,	'Lavinya Pizzeria & Kebap',	'ChIJ6dZ4Y5ymc0cRtOXgSk9rMw0',	CONV('1', 2, 10) + 0,	'Hauptstraße 90, 4232 Hagenberg im Mühlkreis, Österreich',	'+43 7236 26262',	'https://maps.google.com/?cid=951221934608147892',	14.517176,	48.367182),
(233,	'Big Joe Falafel',	'ChIJX3PFL4SXc0cRLCFK7cvjYKQ',	CONV('1', 2, 10) + 0,	'Graben 28, 4020 Linz, Österreich',	'+43 660 6862525',	'https://maps.google.com/?cid=11844717484983329068',	14.289240,	48.304938),
(234,	'Bar-Restaurant AmGraben',	'ChIJRRluuruXc0cREcxThWTX4SM',	CONV('1', 2, 10) + 0,	'Graben 24, 4020 Linz, Österreich',	'+43 676 88084744',	'https://maps.google.com/?cid=2585584487820938257',	14.289407,	48.305026),
(235,	'La Madrina',	'ChIJj67qa22Xc0cRhXX7a6bkkqA',	CONV('1', 2, 10) + 0,	'Hafferlstraße 5, 4020 Linz, Österreich',	'+43 660 3822255',	'https://maps.google.com/?cid=11570561796095571333',	14.290462,	48.299135),
(236,	'Makani Korean Bowls & Rolls',	'ChIJ5Sl9VVWXc0cRiRDuyPd3myE',	CONV('1', 2, 10) + 0,	'Landstraße 76, 4020 Linz, Österreich',	'+43 732 606378',	'https://maps.google.com/?cid=2421661130753446025',	14.291590,	48.296943),
(237,	'MUNDWERKSTATT',	'ChIJb8UlHJqXc0cRzfoEH0gAqkY',	CONV('0', 2, 10) + 0,	'Coulinstraße 1, 4020 Linz, Österreich',	'+43 660 5244380',	'https://maps.google.com/?cid=5091882638453832397',	14.287394,	48.295651),
(238,	'Nachtschwärmer',	'ChIJdcZHfoGXc0cR0Y4vYGU-BpM',	CONV('0', 2, 10) + 0,	'Hofberg 4, 4020 Linz, Österreich',	NULL,	'https://maps.google.com/?cid=10594223778562019025',	14.283962,	48.306218),
(239,	'Rosi\'s Cafe - Bar',	'ChIJy2HUcYOXc0cRR6P4HNdE6mw',	CONV('1', 2, 10) + 0,	'Klammstraße 1, 4020 Linz, Österreich',	'+43 732 777363',	'https://maps.google.com/?cid=7848160991341224775',	14.284288,	48.302979),
(240,	'Hauptplatz 23',	'ChIJbX0jcNuXc0cRGjAS3b2ivQg',	CONV('0', 2, 10) + 0,	'Hauptpl. 23, 4020 Linz, Österreich',	'+43 650 2243828',	'https://maps.google.com/?cid=629838459243212826',	14.286870,	48.304692),
(243,	'Station1833',	'ChIJ1dBz20GXc0cRmI0-0zM7fj8',	CONV('1', 2, 10) + 0,	'Rudigierstraße 8, 4020 Linz, Österreich',	'+43 660 6125122',	'https://maps.google.com/?cid=4575159365228465560',	14.288889,	48.300783),
(244,	'Kunstuniversität Linz wärmepol',	'ChIJ_SaBSYGXc0cRFXgbdeYl0Pg',	CONV('0', 2, 10) + 0,	'Kunstuniversität Linz, Hauptpl. 8, 4020 Linz, Österreich',	'+43 688 60389487',	'https://maps.google.com/?cid=17928871788299384853',	14.287048,	48.306870),
(245,	'Maria\'s Vinothek',	'ChIJN3OO-4OXc0cRmF3MX7eLvwc',	CONV('1', 2, 10) + 0,	'Hauptpl. 15, 4020 Linz, Österreich',	'+43 660 1966104',	'https://maps.google.com/?cid=558318498519735704',	14.286219,	48.305494),
(246,	'Landstraße 66',	'ChIJ6bNeC5CXc0cRpEJ9eCpTdlI',	CONV('0', 2, 10) + 0,	'Landstraße 66, 4020 Linz, Österreich',	NULL,	'https://maps.google.com/?q=Landstra%C3%9Fe+66,+4020+Linz,+%C3%96sterreich&ftid=0x477397900b5eb3e9:0x5276532a787d42a4',	14.290714,	48.299044),
(247,	'Indisch Linz',	'ChIJex_i21aXc0cROuHuwoPJEGQ',	CONV('1', 2, 10) + 0,	'Adlergasse 14, 4020 Linz, Österreich',	'+43 660 9217020',	'https://maps.google.com/?cid=7210484571168497978',	14.287766,	48.306703),
(248,	'Mr. Box Tea Linz',	'ChIJm-yiMFeXc0cRz9gOJTcj780',	CONV('0', 2, 10) + 0,	'Graben 32, 4020 Linz, Österreich',	'+43 676 6087594',	'https://maps.google.com/?cid=14839118016960977103',	14.288899,	48.304826),
(250,	'Restaurant Ebi Plus City',	'ChIJeYLk_Q6Xc0cRmDqoPpzb5_w',	CONV('1', 2, 10) + 0,	'Plus-Kauf-Straße 7, 4061 Pasching, Österreich',	'+43 7229 51755',	'https://maps.google.com/?cid=18223775881290594968',	14.234402,	48.242755),
(251,	'Cooking Li',	'ChIJyR1h8g-Xc0cRhcmYnQZfQ4k',	CONV('1', 2, 10) + 0,	'Eisenhandstraße 30, 4020 Linz, Österreich',	'+43 732 946767',	'https://maps.google.com/?cid=9890853688654219653',	14.298152,	48.303181),
(252,	'Teesalon Madame Wu',	'ChIJDUm06oOXc0cRUIBAZMFKs3w',	CONV('0', 2, 10) + 0,	'Altstadt 13, 4020 Linz, Österreich',	'+43 732 781718',	'https://maps.google.com/?cid=8985607876005363792',	14.284728,	48.304887),
(255,	'Landestheater Linz - Musiktheater',	'ChIJq6qqqvqXc0cRet2MmCbFUrc',	CONV('1', 2, 10) + 0,	'Am Volksgarten 1, 4020 Linz, Österreich',	'+43 732 7611400',	'https://maps.google.com/?cid=13209837426589883770',	14.293104,	48.294665),
(256,	'Phoenix City',	'ChIJlQjT8Gawc0cReyc5VA6aJDI',	CONV('1', 2, 10) + 0,	'Kaplanstraße 3, 4310 Mauthausen, Österreich',	'+43 7238 2180',	'https://maps.google.com/?cid=3613182187391231867',	14.548835,	48.243245),
(257,	'Schlägler Stüberl zum Otto',	'ChIJzZ0Nju6Xc0cRyg_hGZY80gk',	CONV('1', 2, 10) + 0,	'Franckstraße 28, 4020 Linz, Österreich',	'+43 732 919208',	'https://maps.google.com/?cid=707694706827530186',	14.310284,	48.294723),
(258,	'Kaktus-Bar',	'ChIJqydojVaWc0cR-ofPE5-NLck',	CONV('1', 2, 10) + 0,	'Welser Str. 43, 4060 Leonding, Österreich',	'+43 664 2544774',	'https://maps.google.com/?cid=14496398489947179002',	14.264371,	48.266532),
(261,	'Kürnberghalle',	'ChIJK52nCPmWc0cR86Ex5fyJyHw',	CONV('1', 2, 10) + 0,	'Limesstraße 8, 4060 Leonding, Österreich',	'+43 732 674117',	'https://maps.google.com/?cid=8991588375315194355',	14.254469,	48.266042),
(262,	'Billardtempel Linz',	'ChIJqYiqmUCWc0cR75FVzmOZ87A',	CONV('1', 2, 10) + 0,	'Wegscheider Str. 1-3, 4030 Linz, Österreich',	'+43 732 378000',	'https://maps.google.com/?cid=12750703623958532591',	14.281702,	48.254542),
(268,	'Alte Metzgerei2',	'ChIJ-dDggISXc0cRKFU83UubDGY',	CONV('1', 2, 10) + 0,	'Herrenstraße 5, 4020 Linz, Österreich',	'+43 732 774434',	'https://maps.google.com/?cid=7353423041725748520',	14.285996,	48.303146),
(269,	'Tokyo running sushi',	'ChIJE7SJDJCXc0cRWkVKR5NuEWk',	CONV('1', 2, 10) + 0,	'Landstraße 66, 4020 Linz, Österreich',	'+43 732 781554',	'https://maps.google.com/?cid=7570954027421812058',	14.291168,	48.299103),
(270,	'Restaurant Cook',	'ChIJy2HUcYOXc0cRitddetsza6A',	CONV('0', 2, 10) + 0,	'Klammstraße 1, 4020 Linz, Österreich',	'+43 732 781305',	'https://maps.google.com/?cid=11559389886320334730',	14.284324,	48.302987),
(271,	'Cafe Bar Walker',	'ChIJk-Ds94OXc0cRWYg9ilqi9WQ',	CONV('0', 2, 10) + 0,	'Hauptpl. 21, 4020 Linz, Österreich',	'+43 732 788070',	'https://maps.google.com/?cid=7274899282836949081',	14.286368,	48.305022),
(272,	'S‘achterl',	'ChIJ75qXZ1SWc0cRiGL1MXkePxg',	CONV('0', 2, 10) + 0,	'Welser Str. 40, 4060 Leonding, Österreich',	NULL,	'https://maps.google.com/?cid=1747148686321083016',	14.266774,	48.269649),
(273,	'Tropicana - die Cabrio-Therme',	'ChIJHVnUIQWLc0cRYyNFf8soiqk',	CONV('1', 2, 10) + 0,	'Promenade 1, 4701 Bad Schallerbach, Österreich',	'+43 7249 440610',	'https://maps.google.com/?cid=12216621793674601315',	13.917069,	48.226058),
(274,	'ASAHII',	'ChIJ9aktENOZc0cR1cUjeGZXZ4w',	CONV('1', 2, 10) + 0,	'Freistädter Str. 31, 4040 Linz, Österreich',	'+43 732 701372',	'https://maps.google.com/?cid=10117151185524999637',	14.283586,	48.317885),
(275,	'Die Brotschaft',	'ChIJQSv4bfCXc0cRmz1NjKH1o-s',	CONV('1', 2, 10) + 0,	'Landstraße 66, 4020 Linz, Österreich',	NULL,	'https://maps.google.com/?cid=16979685094309313947',	14.291075,	48.299058),
(276,	'Dies und Das Essen wie bei Oma',	'ChIJIQPTg0qXc0cR94W3iPw0rJ8',	CONV('0', 2, 10) + 0,	'Neubauzeile 65, 4030 Linz, Österreich',	'+43 732 997065',	'https://maps.google.com/?cid=11505629407254906359',	14.285475,	48.245783),
(277,	'Reisinger\'s Coffeecorner',	'ChIJwxvm-ZqXc0cRcTxlh90aGFY',	CONV('1', 2, 10) + 0,	'Herrenstraße 41, 4020 Linz, Österreich',	'+43 664 2245107',	'https://maps.google.com/?cid=6203738025464511601',	14.287809,	48.298423),
(280,	'Hanoi Royal Restaurant',	'ChIJvbbp2yOXc0cRMZMSlEB7Meo',	CONV('0', 2, 10) + 0,	'Ob. Donaulände 11, 4020 Linz, Österreich',	'+43 676 6308468',	'https://maps.google.com/?cid=16875404796026327857',	14.283830,	48.306355),
(281,	'°PLATO Craft Bier Bar',	'ChIJTffRVgCXc0cRLJk1ZI1jT7k',	CONV('1', 2, 10) + 0,	'Johann-Konrad-Vogel-Straße 11, 4020 Linz, Österreich',	'+43 660 1611209',	'https://maps.google.com/?cid=13353000879099582764',	14.292490,	48.300864),
(282,	'Restaurant \"Kod Himze\"',	'ChIJZ9zYM8KXc0cRajPdMBy2lic',	CONV('0', 2, 10) + 0,	'Dierzerstraße 22, 4020 Linz, Österreich',	'+43 732 610663',	'https://maps.google.com/?cid=2852667646180930410',	14.305808,	48.286027),
(283,	'Imbiss Kaiser Franz',	'ChIJa1ZPNq6Xc0cRop56LaMcHrA',	CONV('1', 2, 10) + 0,	'Unionstraße 118s, 4020 Linz, Österreich',	'+43 680 4404086',	'https://maps.google.com/?cid=12690612287144894114',	14.278291,	48.278443),
(284,	'Poschacherstüberl',	'ChIJYe4X5sOXc0cR__uDXjEJKno',	CONV('0', 2, 10) + 0,	'Wiener Str. 95, 4020 Linz, Österreich',	'+43 732 772384',	'https://maps.google.com/?cid=8802858529292811263',	14.305174,	48.284045),
(285,	'حلويات البيرقدار لينز Alberekdar Süßigkeiten',	'ChIJPaMAPiSXc0cRTytaPYVI4uw',	CONV('1', 2, 10) + 0,	'Humboldtstraße 7, 4020 Linz, Österreich',	'+43 660 2348607',	'https://maps.google.com/?cid=17069285274784770895',	14.294482,	48.299341),
(293,	'Grünmarkt Urfahr',	'ChIJa3KJ3H-Xc0cRlstJ4pRYKEU',	CONV('0', 2, 10) + 0,	'Mühlkreisbahnstraße 4, 4040 Linz, Österreich',	'+43 732 7070',	'https://maps.google.com/?cid=4983330384160344982',	14.280660,	48.311197),
(294,	'Zum Schubert',	'ChIJC0ZS5riXc0cRaMNl-9No5BQ',	CONV('1', 2, 10) + 0,	'Schubertstraße 3, 4020 Linz, Österreich',	'+43 677 61736114',	'https://maps.google.com/?cid=1505443435113726824',	14.295628,	48.300080),
(295,	'Freiwillige Feuerwehr Hart',	'ChIJwzzhYfaWc0cRu_CV9HQZQCU',	CONV('1', 2, 10) + 0,	'Limesstraße 5, 4060 Leonding, Österreich',	'+43 732 672122',	'https://maps.google.com/?cid=2684173368023183547',	14.254999,	48.265257),
(296,	'Buffet Angela',	'ChIJoaGYKIuXc0cREStaX2YKtt4',	CONV('1', 2, 10) + 0,	'Goethestraße 32, 4020 Linz, Österreich',	'+43 670 6595541',	'https://maps.google.com/?cid=16048025756984027921',	14.296670,	48.297293),
(297,	'Maisserhof Fam. Jungmair',	'ChIJaWUd3Se-c0cRHIyh3Ihhc18',	CONV('1', 2, 10) + 0,	'Fürhappen 4, 4052 Ansfelden, Österreich',	'+43 676 821231877',	'https://maps.google.com/?cid=6877948296369900572',	14.283355,	48.200095),
(300,	'Orpheum Theatre',	'ChIJqwchyZd-1YcRvDkrUsgbI-w',	CONV('0', 2, 10) + 0,	'203 S Main St, Memphis, TN 38103, USA',	'+1 901-525-3000',	'https://maps.google.com/?cid=17015474364321839548',	-90.055483,	35.140187),
(301,	'MEMPHIS',	'ChIJW6VW2IaXc0cRcrjOm07hOI8',	CONV('1', 2, 10) + 0,	'Untere Donaulände 12, 4020 Linz, Österreich',	'+43 699 18116616',	'https://maps.google.com/?cid=10320246273857206386',	14.289084,	48.307889),
(302,	'Imbiss Seeber',	'ChIJZaMk0peXc0cRmt8goGXy7Vg',	CONV('1', 2, 10) + 0,	'Kärntnerstraße 16s, 4020 Linz, Österreich',	NULL,	'https://maps.google.com/?cid=6408044363110211482',	14.289216,	48.290768),
(303,	'Chill Thai Gastrobar KG',	'ChIJ1yLPaQCXc0cRRGPxPFvgkmY',	CONV('0', 2, 10) + 0,	'Honauerstraße 37, 4020 Linz, Österreich',	NULL,	'https://maps.google.com/?cid=7391216620937503556',	14.298054,	48.307553),
(304,	'Breitwieserhof',	'ChIJ_WCJRr-Xc0cRBvsxoJLadpk',	CONV('1', 2, 10) + 0,	'Brucknerstraße 38, 4020 Linz, Österreich',	'+43 732 253032',	'https://maps.google.com/?cid=11058266258342542086',	14.295929,	48.285146),
(305,	'Gasthof zum Hauermandl',	'ChIJ61QwJ0-8c0cRfi-fEjFgSYk',	CONV('0', 2, 10) + 0,	'Oidener Str. 98, 4030 Linz, Österreich',	'+43 732 320213',	'https://maps.google.com/?cid=9892543820378091390',	14.370720,	48.245245),
(306,	'SURACE Cucina Linz',	'ChIJtd1kRZeXc0cRRL2G4KrpzXw',	CONV('1', 2, 10) + 0,	'Coulinstraße 13, 4020 Linz, Österreich',	'+43 650 8855788',	'https://maps.google.com/?cid=8993100951049387332',	14.289389,	48.294674),
(307,	'Thany Vietnam Restaurant',	'ChIJ-T39dAKXc0cRIkLvKUVWn2c',	CONV('1', 2, 10) + 0,	'Gürtelstraße 30, 4020 Linz, Österreich',	'+43 660 3927558',	'https://maps.google.com/?cid=7466781562259849762',	14.306688,	48.289339),
(309,	'Zur Liesl2',	'ChIJidVHJkSZc0cRVHiS2hQNWPQ',	CONV('0', 2, 10) + 0,	'Peter-Behrens-Platz 1, 4020 Linz, Österreich',	'+43 664 800221180',	'https://maps.google.com/?cid=17606837126422493268',	14.298564,	48.311904),
(310,	'Tabakfabrik Linz (SOKO Linz)',	'ChIJwQJoNiaYc0cRI4ezDbK8Xrk',	CONV('1', 2, 10) + 0,	'Peter-Behrens-Platz 1-15 Ludlgasse 19, Gruberstraße 1, 4020 Linz, Österreich',	'+43 732 772272',	'https://maps.google.com/?cid=13357321017747539747',	14.298931,	48.311765),
(311,	'Restaurant Bellevue',	'ChIJp8j3rA6Yc0cRv3ZYPcPQ0f4',	CONV('1', 2, 10) + 0,	'Seeweg 9, 4040 Plesching, Österreich',	'+43 660 7631323',	'https://maps.google.com/?cid=18361686692732630719',	14.335484,	48.319486),
(312,	'Mama Indiya',	'ChIJ-TFueCaXc0cRHWgFR0vnGYs',	CONV('1', 2, 10) + 0,	'Schmidtorstraße 1, 4020 Linz, Österreich',	'+43 660 9217020',	'https://maps.google.com/?cid=10023296756189849629',	14.287463,	48.304881),
(313,	'Konoba Galiola',	'ChIJSzbffa8uY0cRJXrJaA-LqZM',	CONV('1', 2, 10) + 0,	'Ribarska ulica 31, 52204, Ližnjan, Kroatien',	'+385 97 706 4732',	'https://maps.google.com/?cid=10640188492938312229',	13.963626,	44.824434),
(314,	'Tante Kaethe Linz | Restaurant & Bar an der Donau',	'ChIJNx_c-G2Zc0cR6WDxVTfWqpo',	CONV('1', 2, 10) + 0,	'Straßerau 3, 4020 Linz, Österreich',	'+43 732 261933',	'https://maps.google.com/?cid=11144955761035141353',	14.298149,	48.316279),
(315,	'Pizza Hirsch',	'ChIJdfLLjTeYc0cRdoGqyJXMhas',	CONV('1', 2, 10) + 0,	'Pulvermühlstraße 2, 4040 Linz, Österreich',	'+43 732 25044318',	'https://maps.google.com/?cid=12359509696077005174',	14.303956,	48.327393),
(316,	'Phở Hà Nội',	'ChIJQZlRLi2Yc0cRsVQaXTRRq5Q',	CONV('1', 2, 10) + 0,	'Freistädter Str. 60, 4040 Linz, Österreich',	'+43 732 733082',	'https://maps.google.com/?cid=10712745423973012657',	14.287186,	48.318854),
(318,	'Cooking Li2',	'ChIJyR1h8g-Xc0cRhcmYnQZfQ4k',	CONV('0', 2, 10) + 0,	'Eisenhandstraße 30, 4020 Linz, Österreich',	'+43 732 946767',	'https://maps.google.com/?cid=9890853688654219653',	14.298152,	48.303181),
(319,	'Cafe-Bar Spago',	'ChIJ_WAt9pCXc0cRRGU0nrYUKs4',	CONV('1', 2, 10) + 0,	'Schillerstraße 1, 4020 Linz, Österreich',	'+43 732 660472',	'https://maps.google.com/?cid=14855709095405839684',	14.292103,	48.297458),
(320,	'Pizzeria & Trattoria I Fratelli',	'ChIJlXlWvZuXc0cRSpV95L6zArU',	CONV('1', 2, 10) + 0,	'Wurmstraße 20, 4020 Linz, Österreich',	'+43 699 17166083',	'https://maps.google.com/?cid=13043185103276971338',	14.284584,	48.297773),
(321,	'Club Half Moon',	'ChIJAf4BzWWQdkcRNhjc6AwBtjs',	CONV('0', 2, 10) + 0,	'Gstättengasse 4-6, Eingang am Anton Neumayr Platz, 5020 Salzburg, Österreich',	NULL,	'https://maps.google.com/?cid=4302627648957061174',	13.039353,	47.800811),
(322,	'Pizzeria da Claudio',	'ChIJWZ62pRWZc0cRZI-6C5Ld1sQ',	CONV('1', 2, 10) + 0,	'Peuerbachstraße 9, 4040 Linz, Österreich',	'+43 677 64777166',	'https://maps.google.com/?cid=14183767695781695332',	14.285492,	48.317542),
(323,	'Antebia',	'ChIJWWNUpZqXc0cRvb3YiMvHGbk',	CONV('0', 2, 10) + 0,	'Magazingasse 11, 4020 Linz, Österreich',	'+43 732 782310',	'https://maps.google.com/?cid=13337911448422628797',	14.289875,	48.299659),
(324,	'La Fiesta',	'ChIJieAvsJqXc0cRQXWDzJOawJk',	CONV('1', 2, 10) + 0,	'Friedenspl. 3, 4020 Linz, Österreich',	'+43 660 9217020',	'https://maps.google.com/?cid=11079025042913457473',	14.289900,	48.299787);

DROP TABLE IF EXISTS `location_rating`;
CREATE TABLE `location_rating` (
  `key` int(11) NOT NULL AUTO_INCREMENT,
  `location` int(11) NOT NULL,
  `member` int(11) NOT NULL,
  `rating` int(11) NOT NULL,
  PRIMARY KEY (`key`),
  UNIQUE KEY `unique_index` (`location`,`member`),
  KEY `location_rating_fk1` (`member`),
  CONSTRAINT `location_rating_fk0` FOREIGN KEY (`location`) REFERENCES `locations` (`key`),
  CONSTRAINT `location_rating_fk1` FOREIGN KEY (`member`) REFERENCES `members` (`key`)
) ENGINE=InnoDB DEFAULT CHARSET=utf8mb3 COLLATE=utf8mb3_general_ci;

INSERT INTO `location_rating` (`key`, `location`, `member`, `rating`) VALUES
(1,	73,	5,	0),
(2,	137,	6,	4),
(4,	137,	8,	5),
(5,	137,	9,	5),
(9,	137,	13,	5),
(12,	137,	16,	5),
(13,	139,	9,	4),
(14,	143,	6,	4),
(15,	143,	19,	5),
(16,	143,	9,	4),
(17,	143,	21,	4),
(18,	143,	8,	4),
(20,	143,	16,	5),
(22,	143,	26,	4),
(23,	143,	27,	3),
(24,	147,	26,	4),
(25,	147,	9,	5),
(26,	147,	8,	0),
(28,	3,	6,	5),
(29,	168,	6,	1),
(30,	174,	6,	4),
(31,	128,	8,	4),
(32,	204,	8,	4),
(33,	214,	37,	2),
(34,	256,	9,	3),
(35,	273,	19,	5);

DROP TABLE IF EXISTS `members`;
CREATE TABLE `members` (
  `key` int(11) NOT NULL AUTO_INCREMENT,
  `user_id` bigint(20) NOT NULL,
  `chat_id` bigint(20) DEFAULT NULL,
  `score` int(11) NOT NULL DEFAULT 0,
  `joined` datetime NOT NULL,
  `left` datetime DEFAULT NULL,
  PRIMARY KEY (`key`),
  UNIQUE KEY `user_id` (`user_id`),
  UNIQUE KEY `chat_id` (`chat_id`)
) ENGINE=InnoDB DEFAULT CHARSET=utf8mb3 COLLATE=utf8mb3_general_ci;

INSERT INTO `members` (`key`, `user_id`, `chat_id`, `score`, `joined`, `left`) VALUES
(4,	4711,	NULL,	0,	'2022-10-13 19:50:14',	NULL),
(5,	2,	2,	0,	'2023-04-23 21:03:37',	NULL),
(6,	3,	3,	0,	'2023-04-25 22:25:26',	NULL),
(8,	4,	4,	0,	'2023-04-25 22:28:49',	NULL),
(9,	5,	5,	0,	'2023-04-25 22:29:10',	NULL),
(13,	6,	6,	0,	'2023-04-28 20:19:27',	NULL),
(16,	7,	7,	0,	'2023-04-28 20:22:56',	NULL),
(19,	8,	8,	0,	'2023-05-09 18:46:22',	NULL),
(21,	9,	9,	0,	'2023-05-09 18:47:05',	NULL),
(26,	10,	10,	0,	'2023-05-09 18:48:37',	NULL),
(27,	11,	11,	0,	'2023-05-09 18:52:01',	NULL),
(37,	12,	12,	0,	'2023-08-22 19:04:10',	NULL);

DROP TABLE IF EXISTS `participants`;
CREATE TABLE `participants` (
  `key` int(11) NOT NULL AUTO_INCREMENT,
  `member` int(11) NOT NULL,
  `event` int(11) NOT NULL,
  PRIMARY KEY (`key`),
  KEY `participants_fk0` (`member`),
  KEY `participants_fk1` (`event`),
  CONSTRAINT `participants_fk0` FOREIGN KEY (`member`) REFERENCES `members` (`key`),
  CONSTRAINT `participants_fk1` FOREIGN KEY (`event`) REFERENCES `leistungstag` (`key`)
) ENGINE=InnoDB DEFAULT CHARSET=utf8mb3 COLLATE=utf8mb3_general_ci;

INSERT INTO `participants` (`key`, `member`, `event`) VALUES
(1,	4,	1),
(2,	4,	1),
(3,	4,	1),
(4,	4,	1);

DROP TABLE IF EXISTS `events`;
CREATE ALGORITHM=UNDEFINED SQL SECURITY DEFINER VIEW `events` AS select timestamp(`leistungstag`.`date`,'19:00:00') AS `start`,timestamp(`leistungstag`.`date`,'22:00:00') AS `end`,`leistungstag`.`type` AS `type`,`leistungstag`.`closed` AS `closed`,`leistungstag`.`location` AS `location` from (`leistungstag` join `locations` `l` on(`leistungstag`.`location` = `l`.`key`));

-- 2024-09-07 15:22:28
